day,IS_MEMBER,COUNT,AVG_DURATION,MIN_DURATION,MAX_DURATION,STDDEV_DURATION,year_month,dayofweek,weeknum
2020-10-01,false,3247,20.545426548,1,1255,43.543107044708456,2020-10,4,40
2020-10-01,true,7730,12.22160414,1,827,16.517337287284636,2020-10,4,40
2020-10-02,false,5280,25.610037879,1,1259,52.803315846568808,2020-10,5,40
2020-10-02,true,8997,13.164610426,1,1207,19.833168838864395,2020-10,5,40
2020-10-03,false,6871,27.575316548,1,1221,42.51630586662818,2020-10,6,40
2020-10-03,true,7483,14.35560604,1,1000,22.239787381338722,2020-10,6,40
2020-10-04,false,5790,28.73851468,1,1432,50.496591159126041,2020-10,7,40
2020-10-04,true,6822,14.75608326,1,786,18.751089570784217,2020-10,7,40
2020-10-05,false,3845,23.667360208,1,1295,37.587001992433805,2020-10,1,41
2020-10-05,true,8415,12.937849079,1,873,17.768079074425806,2020-10,1,41
2020-10-06,false,5300,25.358113208,1,1382,44.185633926612596,2020-10,2,41
2020-10-06,true,10451,13.761936657,1,1242,20.796197703079418,2020-10,2,41
2020-10-07,false,6099,25.696179702,1,1335,46.340962840885588,2020-10,3,41
2020-10-07,true,11038,14.098387389,1,1204,20.785052434854535,2020-10,3,41
2020-10-08,false,5722,24.745893044,1,1342,48.859181286944462,2020-10,4,41
2020-10-08,true,10407,13.359565677,1,1046,19.251279235645313,2020-10,4,41
2020-10-09,false,9247,30.047474857,1,1426,52.287173771302321,2020-10,5,41
2020-10-09,true,11192,15.022605432,1,1091,26.463579840457431,2020-10,5,41
2020-10-10,false,13588,34.990653518,1,1283,49.709780195208943,2020-10,6,41
2020-10-10,true,10681,16.002995974,1,1198,20.25850609035847,2020-10,6,41
2020-10-11,false,10266,35.373076174,1,1259,50.657586109252854,2020-10,7,41
2020-10-11,true,9044,15.76415303,1,493,16.597552941495767,2020-10,7,41
2020-10-12,false,2982,22.903085178,1,1327,45.739277280278365,2020-10,1,42
2020-10-12,true,6555,12.243630816,1,965,16.380086520358429,2020-10,1,42
2020-10-13,false,5193,25.633545157,1,1374,49.977698928863084,2020-10,2,42
2020-10-13,true,10080,13.509722222,1,1211,19.451427721353259,2020-10,2,42
2020-10-14,false,5049,24.700534759,1,1382,45.938308905587704,2020-10,3,42
2020-10-14,true,9984,13.471053686,1,1419,19.938687154480185,2020-10,3,42
2020-10-15,false,3857,19.836919886,1,931,34.081862522793848,2020-10,4,42
2020-10-15,true,8461,12.134381279,1,803,14.942248706844888,2020-10,4,42
2020-10-16,false,4103,29.532537168,1,1432,81.621552588832046,2020-10,5,42
2020-10-16,true,7461,16.844122772,1,1430,56.946036333701279,2020-10,5,42
2020-10-17,false,6948,30.143350604,1,1392,59.528145115161671,2020-10,6,42
2020-10-17,true,7296,13.862390351,1,1041,21.689981467041616,2020-10,6,42
2020-10-18,false,1839,22.910821098,1,1123,47.396407599337472,2020-10,7,42
2020-10-18,true,3282,12.446374162,1,809,25.744496828582506,2020-10,7,42
2020-10-19,false,1812,21.146799117,1,1420,55.993598614313385,2020-10,1,43
2020-10-19,true,5535,11.657633243,1,1293,21.490109130103434,2020-10,1,43
2020-10-20,false,2256,17.644946809,1,227,20.48555755738386,2020-10,2,43
2020-10-20,true,6834,11.48697688,1,298,10.891282669316768,2020-10,2,43
2020-10-21,false,2715,21.912707182,1,911,34.850093661487364,2020-10,3,43
2020-10-21,true,7392,12.322104978,1,993,17.414789719669933,2020-10,3,43
2020-10-22,false,4437,26.711967546,1,1271,53.483822283049356,2020-10,4,43
2020-10-22,true,8492,13.744936411,1,630,14.709630771409239,2020-10,4,43
2020-10-23,false,1892,20.08615222,1,1148,51.109451000773895,2020-10,5,43
2020-10-23,true,5005,10.980619381,1,240,10.225285695198719,2020-10,5,43
2020-10-24,false,5234,27.034008407,1,1352,36.828226853595687,2020-10,6,43
2020-10-24,true,6944,13.995679724,1,489,15.434163501602448,2020-10,6,43
2020-10-25,false,3232,24.536200495,1,1379,38.88592323910828,2020-10,7,43
2020-10-25,true,5156,12.799262995,1,1043,19.941794848224987,2020-10,7,43
2020-10-26,false,1333,16.126031508,1,252,20.736094531857152,2020-10,1,44
2020-10-26,true,5144,11.356531882,1,1049,20.510353379408311,2020-10,1,44
2020-10-27,false,1217,18.558751027,1,753,38.242039889026849,2020-10,2,44
2020-10-27,true,4835,12.402275078,1,1229,28.935525714798366,2020-10,2,44
2020-10-28,false,2405,20.057796258,1,692,29.368226189006283,2020-10,3,44
2020-10-28,true,7081,12.151673492,1,290,11.922377002478438,2020-10,3,44
2020-10-29,false,1915,15.654830287,1,231,19.341359015703389,2020-10,4,44
2020-10-29,true,6078,10.977459691,1,420,11.622191671653539,2020-10,4,44
2020-10-30,false,2664,20.304054054,1,811,32.969430946833754,2020-10,5,44
2020-10-30,true,6559,12.399298674,1,577,18.49440950450289,2020-10,5,44
2020-10-31,false,5423,29.584916098,1,1439,61.954136859208539,2020-10,6,44
2020-10-31,true,7518,14.709364193,1,1439,27.130089590856127,2020-10,6,44
2020-11-01,false,1959,21.757018887,1,976,42.510763979306326,2020-11,7,44
2020-11-01,true,3869,11.611269062,1,402,12.663542188793688,2020-11,7,44
2020-11-02,false,1984,20.459173387,1,1126,35.942120621919095,2020-11,1,45
2020-11-02,true,5998,11.304101367,1,408,13.497392824372168,2020-11,1,45
2020-11-03,false,3646,24.976961053,1,1398,51.165757501842727,2020-11,2,45
2020-11-03,true,8097,13.395331604,1,944,21.683902313807106,2020-11,2,45
2020-11-04,false,3730,26.858176944,1,1335,54.919380288391054,2020-11,3,45
2020-11-04,true,8057,13.45264987,1,655,16.635272933243993,2020-11,3,45
2020-11-05,false,3953,24.755122692,1,1405,42.340365392313757,2020-11,4,45
2020-11-05,true,8216,12.892648491,1,650,13.375563925215706,2020-11,4,45
2020-11-06,false,6234,30.996631376,1,1375,65.300817854920311,2020-11,5,45
2020-11-06,true,9541,13.884917724,1,373,14.162448742067964,2020-11,5,45
2020-11-07,false,12560,35.607484076,1,1435,53.10236396468882,2020-11,6,45
2020-11-07,true,10775,17.027935035,1,1247,19.470490710224524,2020-11,6,45
2020-11-08,false,9249,35.906152016,1,1432,48.2508542816284,2020-11,7,45
2020-11-08,true,8834,16.849898121,1,326,16.02121416278279,2020-11,7,45
2020-11-09,false,4936,30.369732577,1,1279,43.898877827147018,2020-11,1,46
2020-11-09,true,8900,13.423820225,1,377,12.342178299682921,2020-11,1,46
2020-11-10,false,2545,22.486051081,1,1112,41.440115881219057,2020-11,2,46
2020-11-10,true,6371,11.987757024,1,1224,19.301956853763173,2020-11,2,46
2020-11-11,false,2181,19.933516735,1,1051,37.786383822093789,2020-11,3,46
2020-11-11,true,6431,11.478619188,1,262,11.203193963760635,2020-11,3,46
2020-11-12,false,2367,19.548795944,1,1086,32.169190678757417,2020-11,4,46
2020-11-12,true,6583,11.565395716,1,546,12.562972758970464,2020-11,4,46
2020-11-13,false,2216,19.380866426,1,283,22.255881354037047,2020-11,5,46
2020-11-13,true,5787,11.583203733,1,1112,18.638247118289847,2020-11,5,46
2020-11-14,false,2503,25.143827407,1,1385,66.002494602105273,2020-11,6,46
2020-11-14,true,4517,12.251272969,1,662,15.029436139486215,2020-11,6,46
2020-11-15,false,970,21.281443299,1,1060,52.823692025018488,2020-11,7,46
2020-11-15,true,2425,10.432164948,1,139,10.496795605965211,2020-11,7,46
2020-11-16,false,1623,19.076401725,1,1021,34.713709190796131,2020-11,1,47
2020-11-16,true,5413,11.490301127,1,184,10.748358076088829,2020-11,1,47
2020-11-17,false,1390,17.85971223,1,295,23.8917168133914,2020-11,2,47
2020-11-17,true,5095,11.710500491,1,844,18.819383177049719,2020-11,2,47
2020-11-18,false,1674,18.590203106,1,357,24.31561292376545,2020-11,3,47
2020-11-18,true,5546,11.791922106,1,1416,21.840502536518361,2020-11,3,47
2020-11-19,false,2667,23.003374578,1,789,34.206572503109648,2020-11,4,47
2020-11-19,true,6418,12.46759115,1,939,16.625097131182397,2020-11,4,47
2020-11-20,false,3002,24.579946702,1,1157,43.089248257388981,2020-11,5,47
2020-11-20,true,6720,13.368303571,1,935,17.197796477158029,2020-11,5,47
2020-11-21,false,2690,25.93197026,1,1153,55.7605360392944,2020-11,6,47
2020-11-21,true,5075,13.123152709,1,543,14.999730897794016,2020-11,6,47
2020-11-22,false,1596,25.513784461,1,863,35.782084615239924,2020-11,7,47
2020-11-22,true,3322,14.041842264,1,1417,29.536827816286063,2020-11,7,47
2020-11-23,false,1538,23.007802341,1,1114,37.863263556644064,2020-11,1,48
2020-11-23,true,4762,11.898572029,1,232,11.891307501573358,2020-11,1,48
2020-11-24,false,518,21.075289575,1,1345,63.41707965297293,2020-11,2,48
2020-11-24,true,2226,10.763252471,1,208,11.161564336691276,2020-11,2,48
2020-11-25,false,675,22.214814815,1,901,48.877531789714951,2020-11,3,48
2020-11-25,true,2530,13.345849802,1,1239,43.338343397822207,2020-11,3,48
2020-11-26,false,1182,29.72927242,1,1058,44.8162951462762,2020-11,4,48
2020-11-26,true,2348,13.994889267,1,274,13.917834126021869,2020-11,4,48
2020-11-27,false,1758,28.462457338,1,1182,49.896519893557965,2020-11,5,48
2020-11-27,true,3490,14.119770774,1,243,13.990212868570433,2020-11,5,48
2020-11-28,false,2848,33.514747191,1,1410,49.0063032685434,2020-11,6,48
2020-11-28,true,4281,15.538659192,1,605,16.6831349512572,2020-11,6,48
2020-11-29,false,1795,25.759888579,1,1075,37.409050429362452,2020-11,7,48
2020-11-29,true,3556,13.802024747,1,300,15.27053215365645,2020-11,7,48
2020-11-30,false,650,16.029230769,1,189,20.518001275254882,2020-11,1,49
2020-11-30,true,3229,10.228553732,1,372,11.141969728136452,2020-11,1,49
2020-12-01,false,752,18.638297872,1,1138,47.342510711906876,2020-12,2,49
2020-12-01,true,3689,10.815397127,1,485,12.905827824096084,2020-12,2,49
2020-12-02,false,1072,20.202425373,1,412,28.447173378422729,2020-12,3,49
2020-12-02,true,4300,11.647906977,1,609,14.046376104382414,2020-12,3,49
2020-12-03,false,1149,19.161879896,1,409,29.4540678884584,2020-12,4,49
2020-12-03,true,4189,11.945810456,1,317,13.053123356357695,2020-12,4,49
2020-12-04,false,1391,21.553558591,1,1028,37.710804656486253,2020-12,5,49
2020-12-04,true,4664,12.673241852,1,1035,23.355877262435246,2020-12,5,49
2020-12-05,false,1790,23.396089385,1,1212,40.293630175894883,2020-12,6,49
2020-12-05,true,4186,12.978499761,1,1369,24.79976219089442,2020-12,6,49
2020-12-06,false,1150,24.667826087,1,1411,53.774756560120188,2020-12,7,49
2020-12-06,true,3087,12.670229997,1,202,11.957682296377595,2020-12,7,49
2020-12-07,false,858,19.342657343,1,219,24.245953660955593,2020-12,1,50
2020-12-07,true,3769,11.299018307,1,191,10.667183559198243,2020-12,1,50
2020-12-08,false,802,16.407730673,1,295,18.060568367658714,2020-12,2,50
2020-12-08,true,3862,11.373381668,1,1046,19.818542335639481,2020-12,2,50
2020-12-09,false,1475,22.925423729,1,1178,41.062414639264631,2020-12,3,50
2020-12-09,true,5096,12.816718995,1,930,17.772584497524953,2020-12,3,50
2020-12-10,false,1969,23.549517522,1,1381,43.558728573762863,2020-12,4,50
2020-12-10,true,5593,13.672805292,1,1242,29.976846759136784,2020-12,4,50
2020-12-11,false,713,18.373071529,1,894,37.741030216648269,2020-12,5,50
2020-12-11,true,3111,11.032144005,1,286,11.819204656577975,2020-12,5,50
2020-12-12,false,543,18.861878453,1,201,23.4776113280749,2020-12,6,50
2020-12-12,true,1899,11.228541338,1,956,23.78270523906853,2020-12,6,50
2020-12-13,false,1421,24.622800844,1,1131,53.317116047796645,2020-12,7,50
2020-12-13,true,3299,14.405274326,1,1174,31.762995603882558,2020-12,7,50
2020-12-14,false,818,15.887530562,1,180,16.916653619924322,2020-12,1,51
2020-12-14,true,3541,10.975713075,1,192,9.4226425985396958,2020-12,1,51
2020-12-15,false,763,16.279161206,1,266,21.750929498017964,2020-12,2,51
2020-12-15,true,3591,11.138958507,1,816,20.188278771374122,2020-12,2,51
2020-12-16,false,652,18.878834356,1,729,38.592996359008289,2020-12,3,51
2020-12-16,true,3098,11.112330536,1,364,12.679096690620373,2020-12,3,51
2020-12-17,false,710,18.477464789,1,197,22.177362504527242,2020-12,4,51
2020-12-17,true,3257,11.398833282,1,874,22.015701235256984,2020-12,4,51
2020-12-18,false,1062,20.607344633,1,568,32.846146840264637,2020-12,5,51
2020-12-18,true,3888,11.883487654,1,360,12.459153632387887,2020-12,5,51
2020-12-19,false,1488,26.442204301,1,1376,63.26167615871298,2020-12,6,51
2020-12-19,true,3580,12.569273743,1,184,11.20992950844396,2020-12,6,51
2020-12-20,false,1343,29.148175726,1,1284,65.724075818847723,2020-12,7,51
2020-12-20,true,2931,13.534288639,1,302,13.705775366628538,2020-12,7,51
2020-12-21,false,1077,21.894150418,1,932,37.022289117529994,2020-12,1,52
2020-12-21,true,3536,12.113687783,1,1340,24.738578295518842,2020-12,1,52
2020-12-22,false,1078,21.358070501,1,1218,44.278212443646339,2020-12,2,52
2020-12-22,true,3731,12.676226213,1,955,26.3622928718976,2020-12,2,52
2020-12-23,false,1049,21.312678742,1,187,25.0617434189269,2020-12,3,52
2020-12-23,true,3420,12.219590643,1,318,14.033961391818313,2020-12,3,52
2020-12-24,false,263,16.353612167,1,411,30.665006751075438,2020-12,4,52
2020-12-24,true,1346,10.135958395,1,337,13.56833236255639,2020-12,4,52
2020-12-25,false,264,31.397727273,1,765,72.016918220555823,2020-12,5,52
2020-12-25,true,577,12.47660312,1,138,13.224231614959365,2020-12,5,52
2020-12-26,false,690,33.707246377,1,1236,101.95229677184933,2020-12,6,52
2020-12-26,true,1674,13.419354839,1,892,25.603348012561661,2020-12,6,52
2020-12-27,false,1137,29.631486368,1,1421,66.661081072877778,2020-12,7,52
2020-12-27,true,2316,14.254749568,1,196,15.118896915302942,2020-12,7,52
2020-12-28,false,742,24.739892183,1,1069,58.644306764521829,2020-12,1,53
2020-12-28,true,2877,13.279457769,1,1298,39.64590979342848,2020-12,1,53
2020-12-29,false,537,20.664804469,1,500,29.476679062852902,2020-12,2,53
2020-12-29,true,2075,12.037590361,1,1097,26.269126759366522,2020-12,2,53
2020-12-30,false,311,24.54340836,1,1020,62.893089606218886,2020-12,3,53
2020-12-30,true,1518,11.789855072,1,65,9.398229718935303,2020-12,3,53
2020-12-31,false,555,25.731531532,1,1229,62.83140601911672,2020-12,4,53
2020-12-31,true,2120,12.922169811,1,260,13.759836241944392,2020-12,4,53
2021-01-01,false,270,23.318518519,1,810,62.104112329020396,2021-1,5,53
2021-01-01,true,776,12.469072165,1,313,15.789581981139403,2021-1,5,53
2021-01-02,false,537,27.089385475,1,1403,66.157389639445512,2021-1,6,53
2021-01-02,true,1713,13.027437245,1,422,16.417418996208976,2021-1,6,53
2021-01-03,false,570,22.622807018,1,190,26.047052684020919,2021-1,7,53
2021-01-03,true,1774,12.384441939,1,193,12.68621855642118,2021-1,7,53
2021-01-04,false,520,17.190384615,1,142,18.9475060223623,2021-1,1,1
2021-01-04,true,2633,14.051652108,1,1398,53.302029353479014,2021-1,1,1
2021-01-05,false,635,20.875590551,1,1164,52.179145857770855,2021-1,2,1
2021-01-05,true,3161,11.613097121,1,331,11.551075220384192,2021-1,2,1
2021-01-06,false,694,23.760806916,1,1311,83.583745420292885,2021-1,3,1
2021-01-06,true,3135,13.812440191,1,1352,43.695844914425187,2021-1,3,1
2021-01-07,false,733,17.708049113,1,1122,44.963248938771322,2021-1,4,1
2021-01-07,true,3089,11.826804791,1,333,15.182821780879253,2021-1,4,1
2021-01-08,false,679,20.306332842,1,962,45.6907753871265,2021-1,5,1
2021-01-08,true,3146,12.444055944,1,1040,26.113490470760176,2021-1,5,1
2021-01-09,false,1387,29.296322999,1,1360,77.9056849936122,2021-1,6,1
2021-01-09,true,3495,13.441773963,1,493,15.834099681790697,2021-1,6,1
2021-01-10,false,836,20.34569378,1,592,29.356477047056636,2021-1,7,1
2021-01-10,true,2421,12.353572904,1,194,13.146952310614513,2021-1,7,1
2021-01-11,false,525,18.561904762,1,304,25.92197957223388,2021-1,1,2
2021-01-11,true,2808,11.59045584,1,790,27.962435527809632,2021-1,1,2
2021-01-12,false,707,19.289957567,1,1157,48.6588382940687,2021-1,2,2
2021-01-12,true,3427,11.620367669,1,211,10.291138322129346,2021-1,2,2
2021-01-13,false,759,17.035573123,1,278,20.91081631989254,2021-1,3,2
2021-01-13,true,3645,12.192318244,1,1135,21.434675603323424,2021-1,3,2
2021-01-14,false,563,20.14920071,1,402,29.595900871306938,2021-1,4,2
2021-01-14,true,3006,10.879574185,1,307,11.534126024917025,2021-1,4,2
2021-01-15,false,802,21.416458853,1,1009,50.247428970382096,2021-1,5,2
2021-01-15,true,3281,11.93934776,1,322,14.192701420338905,2021-1,5,2
2021-01-16,false,845,26.655621302,1,1052,67.805471718941575,2021-1,6,2
2021-01-16,true,2407,14.444536768,1,1012,37.964026144774259,2021-1,6,2
2021-01-17,false,606,18.99339934,1,172,20.129611932754688,2021-1,7,2
2021-01-17,true,1908,13.697589099,1,1093,33.544008054611595,2021-1,7,2
2021-01-18,false,611,21.973813421,1,412,33.708716182449791,2021-1,1,3
2021-01-18,true,2926,11.393369788,1,201,10.425044627888585,2021-1,1,3
2021-01-19,false,369,15.132791328,1,121,15.536345465387624,2021-1,2,3
2021-01-19,true,2716,10.620029455,1,412,13.207445773416904,2021-1,2,3
2021-01-20,false,365,17.191780822,1,1204,63.543461027035875,2021-1,3,3
2021-01-20,true,2291,11.790484505,1,1226,30.384136265575549,2021-1,3,3
2021-01-21,false,677,21.223042836,1,1081,53.123018799192657,2021-1,4,3
2021-01-21,true,3460,11.869653179,1,267,12.383377512134523,2021-1,4,3
2021-01-22,false,479,17.818371608,1,991,49.788680755544881,2021-1,5,3
2021-01-22,true,2599,10.65409773,1,262,13.148514354348221,2021-1,5,3
2021-01-23,false,789,19.835234474,1,267,24.221531981076147,2021-1,6,3
2021-01-23,true,2714,11.947678703,1,170,11.634994263707984,2021-1,6,3
2021-01-24,false,700,23.484285714,1,1244,65.8666057502679,2021-1,7,3
2021-01-24,true,2282,12.598159509,1,312,16.800297776433474,2021-1,7,3
2021-01-25,false,399,16.704260652,1,329,29.422558935756264,2021-1,1,4
2021-01-25,true,2605,13.770441459,1,1404,58.318454373675578,2021-1,1,4
2021-01-26,false,145,17.882758621,1,236,26.196473426326275,2021-1,2,4
2021-01-26,true,1106,13.726943942,1,835,32.342923196513816,2021-1,2,4
2021-01-27,false,236,16.716101695,1,176,23.540622913935369,2021-1,3,4
2021-01-27,true,1982,13.13975782,1,754,32.002603696134848,2021-1,3,4
2021-01-28,false,336,19.455357143,1,1054,59.686166598348251,2021-1,4,4
2021-01-28,true,2224,11.677607914,1,289,14.531159847312217,2021-1,4,4
2021-01-29,false,551,17.858439201,1,391,27.189759944504292,2021-1,5,4
2021-01-29,true,2668,12.721889055,1,823,27.242907840681713,2021-1,5,4
2021-01-30,false,385,19.197402597,1,274,24.631992574466334,2021-1,6,4
2021-01-30,true,1795,12.860724234,1,376,15.420154323613772,2021-1,6,4
2021-01-31,false,105,48.504761905,1,1347,169.37454263144144,2021-1,7,4
2021-01-31,true,370,20.075675676,1,1016,66.460715506414331,2021-1,7,4
2021-02-01,false,252,20.619047619,1,269,29.421096292107787,2021-2,1,5
2021-02-01,true,1516,15.346965699,1,589,25.435954753519628,2021-2,1,5
2021-02-02,false,282,24.163120567,1,1343,83.609793117527062,2021-2,2,5
2021-02-02,true,1981,13.516405856,1,782,26.850707308994341,2021-2,2,5
2021-02-03,false,356,18.623595506,1,257,25.7381783596778,2021-2,3,5
2021-02-03,true,2306,14.094102342,1,479,20.789997968282314,2021-2,3,5
2021-02-04,false,197,16.086294416,1,141,17.144582692800469,2021-2,4,5
2021-02-04,true,1504,12.23337766,1,247,14.305488374535454,2021-2,4,5
2021-02-05,false,137,22.737226277,1,344,45.97512340242826,2021-2,5,5
2021-02-05,true,1124,17.269572954,1,1112,57.906902515091964,2021-2,5,5
2021-02-06,false,113,30.469026549,1,1309,122.36244368561829,2021-2,6,5
2021-02-06,true,699,17.380543634,1,1029,54.169167219404471,2021-2,6,5
2021-02-07,false,77,26.415584416,2,486,64.703790741708247,2021-2,7,5
2021-02-07,true,475,21.025263158,1,1222,88.254771117094563,2021-2,7,5
2021-02-08,false,81,42.62962963,1,984,118.27154823576569,2021-2,1,6
2021-02-08,true,822,17.635036496,1,845,62.214100456072487,2021-2,1,6
2021-02-09,false,138,31.884057971,1,1138,98.86252147122697,2021-2,2,6
2021-02-09,true,1121,12.892952721,1,727,25.41177658546723,2021-2,2,6
2021-02-10,false,143,25.370629371,1,496,51.388235480095425,2021-2,3,6
2021-02-10,true,1075,15.911627907,1,1249,54.965719588740562,2021-2,3,6
2021-02-11,false,176,18.857954545,1,171,26.675815662705819,2021-2,4,6
2021-02-11,true,1155,16.522943723,1,1107,47.062159705893016,2021-2,4,6
2021-02-12,false,287,25.153310105,1,388,40.855965849422788,2021-2,5,6
2021-02-12,true,1496,13.915106952,1,1071,32.147785190205873,2021-2,5,6
2021-02-13,false,135,35.555555556,1,1094,104.41148416094543,2021-2,6,6
2021-02-13,true,565,18.251327434,1,986,59.968787036189937,2021-2,6,6
2021-02-14,false,93,34.870967742,2,660,77.878072031635142,2021-2,7,6
2021-02-14,true,381,21.776902887,1,1167,74.875224934841185,2021-2,7,6
2021-02-15,false,33,50.545454545,3,796,136.07954244954763,2021-2,1,7
2021-02-15,true,303,28.03960396,1,1361,110.24969447212217,2021-2,1,7
2021-02-16,false,48,118.6875,2,1427,314.99676957668947,2021-2,2,7
2021-02-16,true,225,33.408888889,1,1015,98.863056401204048,2021-2,2,7
2021-02-17,false,80,31.975,3,597,69.6277557802921,2021-2,3,7
2021-02-17,true,526,25.912547529,1,1060,77.147382248568078,2021-2,3,7
2021-02-18,false,110,28.809090909,1,205,41.369399198956764,2021-2,4,7
2021-02-18,true,678,18.945427729,1,857,42.501136212921644,2021-2,4,7
2021-02-19,false,145,38.868965517,1,1275,111.07147466895692,2021-2,5,7
2021-02-19,true,801,21.18227216,1,1087,66.23978863442214,2021-2,5,7
2021-02-20,false,194,45.530927835,1,868,86.378879936817441,2021-2,6,7
2021-02-20,true,912,20.560307018,1,1119,51.371226790986839,2021-2,6,7
2021-02-21,false,174,29.057471264,1,666,64.954069770972723,2021-2,7,7
2021-02-21,true,704,23.632102273,1,1337,86.297563585582893,2021-2,7,7
2021-02-22,false,202,31.024752475,2,372,47.542939228483611,2021-2,1,8
2021-02-22,true,1279,15.816262705,1,856,36.398646558017212,2021-2,1,8
2021-02-23,false,512,30.466796875,1,1036,73.103888987197465,2021-2,2,8
2021-02-23,true,2274,15.904573439,1,1261,47.449043595193871,2021-2,2,8
2021-02-24,false,520,27.911538462,1,1249,77.757907472849425,2021-2,3,8
2021-02-24,true,2577,12.540939076,1,230,12.476410507089701,2021-2,3,8
2021-02-25,false,550,21.243636364,1,945,46.588163786080663,2021-2,4,8
2021-02-25,true,2588,12.78438949,1,1336,29.405138453002742,2021-2,4,8
2021-02-26,false,878,26.085421412,1,1378,78.534372097041853,2021-2,5,8
2021-02-26,true,2996,13.115487316,1,1012,28.247015281133027,2021-2,5,8
2021-02-27,false,2976,35.718413978,1,1440,82.418593819367942,2021-2,6,8
2021-02-27,true,4196,16.19613918,1,479,16.991906175172137,2021-2,6,8
2021-02-28,false,1018,31.120825147,1,1422,62.722265988982009,2021-2,7,8
2021-02-28,true,2347,14.103962505,1,258,13.910613560930466,2021-2,7,8
2021-03-01,false,576,22.008680556,1,1111,52.537039787638925,2021-3,1,9
2021-03-01,true,2835,10.906525573,1,199,9.9493643815466264,2021-3,1,9
2021-03-02,false,792,22.006313131,1,1148,48.6781193512929,2021-3,2,9
2021-03-02,true,3259,11.923903038,1,402,14.936801794665845,2021-3,2,9
2021-03-03,false,1457,27.822237474,1,1318,45.178886106592074,2021-3,3,9
2021-03-03,true,4195,13.782598331,1,1354,32.969960429847262,2021-3,3,9
2021-03-04,false,709,18.777150917,1,234,24.85491865698798,2021-3,4,9
2021-03-04,true,3238,11.192093885,1,1040,20.905006756153355,2021-3,4,9
2021-03-05,false,1449,25.77915804,1,1214,60.031526859613415,2021-3,5,9
2021-03-05,true,3905,12.327784891,1,895,17.788085578926228,2021-3,5,9
2021-03-06,false,2633,30.246107102,1,1304,55.151686429233777,2021-3,6,9
2021-03-06,true,4133,14.415678684,1,709,18.755251633419366,2021-3,6,9
2021-03-07,false,2565,34.955945419,1,1293,66.277172210874568,2021-3,7,9
2021-03-07,true,3841,15.497787035,1,653,18.803871537344886,2021-3,7,9
2021-03-08,false,3084,35.635538262,1,1312,54.6999015529127,2021-3,1,10
2021-03-08,true,5744,14.375348189,1,856,17.851000208509991,2021-3,1,10
2021-03-09,false,3743,34.033128507,1,1387,63.539044927618875,2021-3,2,10
2021-03-09,true,6494,14.692485371,1,930,20.568195003864254,2021-3,2,10
2021-03-10,false,2173,27.4109526,1,1193,46.005882191230022,2021-3,3,10
2021-03-10,true,5127,12.763409401,1,702,16.054447146566986,2021-3,3,10
2021-03-11,false,2232,26.946684588,1,1225,57.763540730754741,2021-3,4,10
2021-03-11,true,5284,12.427895534,1,479,12.571261882619851,2021-3,4,10
2021-03-12,false,2192,24.36770073,1,947,43.723478056983168,2021-3,5,10
2021-03-12,true,4947,13.014554275,1,1208,24.065123523946372,2021-3,5,10
2021-03-13,false,6418,33.17684637,1,1387,56.06394131381515,2021-3,6,10
2021-03-13,true,6085,16.3168447,1,1236,22.681174611227398,2021-3,6,10
2021-03-14,false,2162,27.154486586,1,906,44.955669404430196,2021-3,7,10
2021-03-14,true,3122,13.019859065,1,341,13.021058791408771,2021-3,7,10
2021-03-15,false,358,15.377094972,1,187,20.568192356456834,2021-3,1,11
2021-03-15,true,1830,10.636612022,1,190,10.273562734214677,2021-3,1,11
2021-03-16,false,904,19.884955752,1,479,28.689481039976567,2021-3,2,11
2021-03-16,true,3310,12.106646526,1,1174,27.628531564814047,2021-3,2,11
2021-03-17,false,797,21.249686324,1,1063,47.342200575803133,2021-3,3,11
2021-03-17,true,2897,10.813945461,1,211,10.439838935776965,2021-3,3,11
2021-03-18,false,907,21.454244763,1,1299,71.511472400228072,2021-3,4,11
2021-03-18,true,2771,10.864308914,1,353,11.493034938329984,2021-3,4,11
2021-03-19,false,2227,23.980691513,1,860,47.532090026411439,2021-3,5,11
2021-03-19,true,4405,12.463337117,1,804,20.496345727534127,2021-3,5,11
2021-03-20,false,6500,33.629076923,1,1393,51.411636971322025,2021-3,6,11
2021-03-20,true,6135,15.526650367,1,1314,25.756572792186287,2021-3,6,11
2021-03-21,false,9148,42.266834281,1,1434,69.382674936016016,2021-3,7,11
2021-03-21,true,6918,17.872506505,1,896,24.032133587006836,2021-3,7,11
2021-03-22,false,4572,36.401574803,1,1381,65.7676799921758,2021-3,1,12
2021-03-22,true,6405,14.893832943,1,1359,26.7161381653513,2021-3,1,12
2021-03-23,false,1397,22.677165354,1,1170,39.979964574028692,2021-3,2,12
2021-03-23,true,3889,11.599897146,1,369,13.060389827749368,2021-3,2,12
2021-03-24,false,2583,25.678668215,1,1119,46.625995611368133,2021-3,3,12
2021-03-24,true,5578,12.766941556,1,1353,21.429669436698717,2021-3,3,12
2021-03-25,false,1560,20.759615385,1,1051,40.462160669024051,2021-3,4,12
2021-03-25,true,4484,11.466101695,1,204,11.092063121251263,2021-3,4,12
2021-03-26,false,1830,24.328961749,1,1255,64.654719609433727,2021-3,5,12
2021-03-26,true,4401,11.779822768,1,414,12.968979193728808,2021-3,5,12
2021-03-27,false,6297,32.147212959,1,1421,67.38011902973841,2021-3,6,12
2021-03-27,true,6402,15.480162449,1,1418,32.2569637762698,2021-3,6,12
2021-03-28,false,3243,30.916435399,1,1425,68.56214188623882,2021-3,7,12
2021-03-28,true,4117,14.471945591,1,741,20.229482627665007,2021-3,7,12
2021-03-29,false,3220,32.03447205,1,1224,53.202295208049982,2021-3,1,13
2021-03-29,true,5666,13.863748676,1,702,17.02129443280954,2021-3,1,13
2021-03-30,false,3506,33.301768397,1,1432,67.623767768509751,2021-3,2,13
2021-03-30,true,6262,13.532737145,1,1050,18.60668389438073,2021-3,2,13
2021-03-31,false,1762,22.514188422,1,1077,37.443276397550193,2021-3,3,13
2021-03-31,true,4686,11.961160905,1,842,17.429309276916182,2021-3,3,13
2021-04-01,false,1540,22.293506494,1,1280,64.982281976100126,2021-4,4,13
2021-04-01,true,4044,11.627349159,1,437,14.661102502987712,2021-4,4,13
2021-04-02,false,3526,27.995745888,1,1223,50.060504900895587,2021-4,5,13
2021-04-02,true,5655,13.385322723,1,1071,23.545780535816903,2021-4,5,13
2021-04-03,false,10980,40.82431694,1,1423,56.92324435135658,2021-4,6,13
2021-04-03,true,8412,18.278174037,1,1379,34.721285260101119,2021-4,6,13
2021-04-04,false,9730,42.810688592,1,1417,60.500279265480025,2021-4,7,13
2021-04-04,true,7172,18.513803681,1,906,24.0202834017628,2021-4,7,13
2021-04-05,false,4484,32.557983943,1,1419,57.032726735283077,2021-4,1,14
2021-04-05,true,6779,13.895559817,1,721,16.866141936412735,2021-4,1,14
2021-04-06,false,7656,39.216170324,1,1419,71.942853676761686,2021-4,2,14
2021-04-06,true,9403,15.449431033,1,630,16.869621923220347,2021-4,2,14
2021-04-07,false,6277,34.209813605,1,1400,54.48977886314745,2021-4,3,14
2021-04-07,true,8997,14.56618873,1,1053,18.348441745993508,2021-4,3,14
2021-04-08,false,1491,22.490945674,1,587,32.009541541168439,2021-4,4,14
2021-04-08,true,3809,12.406405881,1,834,19.677065207200467,2021-4,4,14
2021-04-09,false,5043,30.800118977,1,1331,61.770266615749748,2021-4,5,14
2021-04-09,true,7230,15.417289073,1,856,35.325356048115331,2021-4,5,14
2021-04-10,false,2233,24.514106583,1,1216,52.624083231726551,2021-4,6,14
2021-04-10,true,3206,13.912039925,1,732,23.656852306022746,2021-4,6,14
2021-04-11,false,5042,30.078540262,1,1321,45.4310067909106,2021-4,7,14
2021-04-11,true,5767,15.582972083,1,396,16.518140832624393,2021-4,7,14
2021-04-12,false,3846,31.709828393,1,1157,55.855740961502661,2021-4,1,15
2021-04-12,true,7136,14.493974215,1,1306,26.875047556771083,2021-4,1,15
2021-04-13,false,3038,24.923963134,1,862,38.691030798036032,2021-4,2,15
2021-04-13,true,6980,13.485100287,1,759,15.753361629835467,2021-4,2,15
2021-04-14,false,2217,22.250789355,1,1421,62.160393754382518,2021-4,3,15
2021-04-14,true,6010,12.180698835,1,622,13.704631770228367,2021-4,3,15
2021-04-15,false,2506,22.630087789,1,1169,51.1622385883825,2021-4,4,15
2021-04-15,true,6089,13.007390376,1,1405,33.276268010654064,2021-4,4,15
2021-04-16,false,4126,23.710130877,1,1397,50.849071237270422,2021-4,5,15
2021-04-16,true,6905,13.076755974,1,986,18.109648011441521,2021-4,5,15
2021-04-17,false,6878,30.453329456,1,1261,53.949731212759247,2021-4,6,15
2021-04-17,true,7017,15.374234003,1,1058,22.379432517097932,2021-4,6,15
2021-04-18,false,6365,33.270542027,1,1305,47.89948910808338,2021-4,7,15
2021-04-18,true,6766,16.417381023,1,1130,23.715712421627668,2021-4,7,15
2021-04-19,false,1765,21.040226629,1,1084,46.582639375273381,2021-4,1,16
2021-04-19,true,4880,12.145901639,1,1122,22.004089215866976,2021-4,1,16
2021-04-20,false,1576,17.664974619,1,1399,57.772500981603748,2021-4,2,16
2021-04-20,true,4818,11.332503113,1,275,13.479604460359068,2021-4,2,16
2021-04-21,false,1600,17.973125,1,964,37.800263262765448,2021-4,3,16
2021-04-21,true,4911,11.832213398,1,782,20.703429627443295,2021-4,3,16
2021-04-22,false,3613,23.852200387,1,1155,44.218480653204985,2021-4,4,16
2021-04-22,true,7075,13.582614841,1,1080,21.759048194294188,2021-4,4,16
2021-04-23,false,5257,25.394711813,1,1424,50.614087013980388,2021-4,5,16
2021-04-23,true,7988,13.61792689,1,619,17.591316628944309,2021-4,5,16
2021-04-24,false,7317,28.905289053,1,1424,58.792393147819617,2021-4,6,16
2021-04-24,true,7565,14.804097819,1,680,18.163572243315773,2021-4,6,16
2021-04-25,false,3732,26.068327974,1,1202,55.350717456305865,2021-4,7,16
2021-04-25,true,4997,13.871923154,1,857,20.437402442944336,2021-4,7,16
2021-04-26,false,5719,33.966252841,1,1438,63.790971716457506,2021-4,1,17
2021-04-26,true,8471,14.810648093,1,480,15.766828443950496,2021-4,1,17
2021-04-27,false,7795,33.655548428,1,1410,60.606358938232709,2021-4,2,17
2021-04-27,true,10164,14.774990161,1,1038,19.271411176013448,2021-4,2,17
2021-04-28,false,1679,19.076831447,1,1252,45.643183845264758,2021-4,3,17
2021-04-28,true,5029,11.91230861,1,1373,28.988990470900845,2021-4,3,17
2021-04-29,false,3056,21.877290576,1,1284,47.383285182103506,2021-4,4,17
2021-04-29,true,6678,12.880053908,1,1150,21.207071478163435,2021-4,4,17
2021-04-30,false,4627,26.026150854,1,1367,61.201950998993027,2021-4,5,17
2021-04-30,true,7500,13.471866667,1,1091,26.305682691176994,2021-4,5,17
2021-05-01,false,14001,37.048853653,1,1434,58.366423777885785,2021-5,6,17
2021-05-01,true,10016,16.337460064,1,1328,21.955315554294835,2021-5,6,17
2021-05-02,false,14699,40.765290156,1,1413,65.9586774361568,2021-5,7,17
2021-05-02,true,9651,17.8989742,1,1279,23.479867234619526,2021-5,7,17
2021-05-03,false,3462,27.983246678,1,1344,58.420241511214059,2021-5,1,18
2021-05-03,true,6197,13.209617557,1,1117,25.237655956245696,2021-5,1,18
2021-05-04,false,2679,22.190369541,1,1332,56.8471914621213,2021-5,2,18
2021-05-04,true,6522,11.799754676,1,752,14.045226809749346,2021-5,2,18
2021-05-05,false,4123,21.591559544,1,897,31.819205597236817,2021-5,3,18
2021-05-05,true,8307,13.356687131,1,1208,28.50020989624873,2021-5,3,18
2021-05-06,false,3061,23.105194381,1,1391,63.536323980967666,2021-5,4,18
2021-05-06,true,6355,12.513926042,1,1230,27.599848109438607,2021-5,4,18
2021-05-07,false,5365,23.210997204,1,1360,47.463319139913217,2021-5,5,18
2021-05-07,true,7931,12.93481276,1,1174,22.049134441459831,2021-5,5,18
2021-05-08,false,7585,28.013843111,1,1419,58.042947237293234,2021-5,6,18
2021-05-08,true,7402,14.627398001,1,1247,21.15976834062198,2021-5,6,18
2021-05-09,false,3121,26.775072092,1,1374,60.844821557401744,2021-5,7,18
2021-05-09,true,4094,14.111871031,1,1335,31.382587855139757,2021-5,7,18
2021-05-10,false,2938,22.916269571,1,1352,51.250673349988908,2021-5,1,19
2021-05-10,true,6297,11.648245196,1,764,14.614879606383028,2021-5,1,19
2021-05-11,false,3492,22.600515464,1,1387,45.279663370757518,2021-5,2,19
2021-05-11,true,7451,12.436719903,1,1039,19.49471402992706,2021-5,2,19
2021-05-12,false,4472,24.353533095,1,1398,46.632210685156906,2021-5,3,19
2021-05-12,true,8786,12.562713408,1,229,12.005660821031164,2021-5,3,19
2021-05-13,false,6511,26.289970819,1,1411,50.40566892574391,2021-5,4,19
2021-05-13,true,9817,13.586941021,1,1083,19.00502564801533,2021-5,4,19
2021-05-14,false,9599,28.977393478,1,1341,53.531038179609538,2021-5,5,19
2021-05-14,true,10564,14.069197274,1,1122,20.567719569733846,2021-5,5,19
2021-05-15,false,8330,28.256662665,1,1308,54.175417866289187,2021-5,6,19
2021-05-15,true,6932,14.1550779,1,673,19.120877264991076,2021-5,6,19
2021-05-16,false,13582,36.371889265,1,1413,56.736934244847568,2021-5,7,19
2021-05-16,true,9581,16.537835299,1,1151,23.036339771732575,2021-5,7,19
2021-05-17,false,5906,27.281916695,1,1396,51.36404469885963,2021-5,1,20
2021-05-17,true,9069,13.234866027,1,851,19.621402077599281,2021-5,1,20
2021-05-18,false,4544,25.194102113,1,1238,47.314386234974982,2021-5,2,20
2021-05-18,true,7949,12.138130582,1,576,14.356329819633789,2021-5,2,20
2021-05-19,false,5843,25.91408523,1,1186,48.424029984318985,2021-5,3,20
2021-05-19,true,9968,13.566613162,1,729,20.396156184063368,2021-5,3,20
2021-05-20,false,8949,30.808358476,1,1424,59.100873192084265,2021-5,4,20
2021-05-20,true,11261,14.005949738,1,1343,20.572087416972312,2021-5,4,20
2021-05-21,false,12486,31.571199744,1,1423,55.659950862535347,2021-5,5,20
2021-05-21,true,12007,14.271758141,1,1364,19.309130731941039,2021-5,5,20
2021-05-22,false,21694,36.19507698,1,1437,60.015543158312965,2021-5,6,20
2021-05-22,true,12648,17.101043643,1,814,23.441164836767044,2021-5,6,20
2021-05-23,false,12367,35.087571764,1,1222,56.422998819717314,2021-5,7,20
2021-05-23,true,8837,16.097657576,1,1350,29.406876205562337,2021-5,7,20
2021-05-24,false,8768,32.589758212,1,1396,44.955065968555296,2021-5,1,21
2021-05-24,true,10835,13.901892017,1,479,14.79458085352962,2021-5,1,21
2021-05-25,false,7609,28.647522671,1,1261,51.814063297987005,2021-5,2,21
2021-05-25,true,10991,13.071331089,1,495,12.790288929298242,2021-5,2,21
2021-05-26,false,8381,29.418565804,1,1389,55.457296305697042,2021-5,3,21
2021-05-26,true,11755,13.83717567,1,1184,18.5475634545504,2021-5,3,21
2021-05-27,false,3964,18.683905146,1,608,25.069866717680494,2021-5,4,21
2021-05-27,true,7683,11.815566836,1,936,16.184563110178395,2021-5,4,21
2021-05-28,false,2539,17.51988972,1,1141,40.349642346406434,2021-5,5,21
2021-05-28,true,4654,11.154275892,1,472,13.870876313077153,2021-5,5,21
2021-05-29,false,12663,32.372028745,1,1436,63.240681098180694,2021-5,6,21
2021-05-29,true,8767,15.585262918,1,1198,26.259555916734495,2021-5,6,21
2021-05-30,false,17401,36.498017355,1,1434,54.864117468928924,2021-5,7,21
2021-05-30,true,9089,16.577401254,1,1306,25.195666896240546,2021-5,7,21
2021-05-31,false,12804,36.659012808,1,1419,57.503099661045034,2021-5,1,22
2021-05-31,true,8447,16.678820883,1,843,26.254840277263344,2021-5,1,22
2021-06-01,false,8347,30.534323709,1,1435,56.178971012515696,2021-6,2,22
2021-06-01,true,10828,14.248614703,1,1275,21.940984268162566,2021-6,2,22
2021-06-02,false,8090,27.320519159,1,1244,46.7477224497859,2021-6,3,22
2021-06-02,true,11855,13.620835091,1,786,15.322443667499753,2021-6,3,22
2021-06-03,false,10589,30.163188214,1,1387,59.44408789350846,2021-6,4,22
2021-06-03,true,12591,14.163847192,1,756,16.753519191761246,2021-6,4,22
2021-06-04,false,12877,31.204861381,1,1427,62.850789635754111,2021-6,5,22
2021-06-04,true,12540,14.473923445,1,1301,26.001377820452561,2021-6,5,22
2021-06-05,false,22681,33.061990212,1,1437,57.820901026064,2021-6,6,22
2021-06-05,true,13306,15.837065985,1,1046,18.837523832837423,2021-6,6,22
2021-06-06,false,17431,34.19430899,1,1420,54.87141804996736,2021-6,7,22
2021-06-06,true,11108,16.190763414,1,1126,22.529592375773152,2021-6,7,22
2021-06-07,false,7523,28.48717267,1,1287,47.181013705253413,2021-6,1,23
2021-06-07,true,9884,13.159247268,1,1055,16.563147453956727,2021-6,1,23
2021-06-08,false,9580,29.829018789,1,1387,57.723699315892311,2021-6,2,23
2021-06-08,true,12711,13.94107466,1,894,18.299475673420982,2021-6,2,23
2021-06-09,false,10832,28.48245938,1,1336,49.646310584578814,2021-6,3,23
2021-06-09,true,13622,13.948832771,1,1089,16.142378132851313,2021-6,3,23
2021-06-10,false,11818,27.796919953,1,1353,50.344042786536257,2021-6,4,23
2021-06-10,true,13382,13.968390375,1,1174,22.620222377425378,2021-6,4,23
2021-06-11,false,15837,28.502241586,1,1394,49.76572707941034,2021-6,5,23
2021-06-11,true,13515,13.899075102,1,865,18.258359471718791,2021-6,5,23
2021-06-12,false,21394,29.736982331,1,1380,49.461493393993955,2021-6,6,23
2021-06-12,true,12543,15.806665072,1,1031,24.143549020885956,2021-6,6,23
2021-06-13,false,21467,33.678902502,1,1414,54.233119678719525,2021-6,7,23
2021-06-13,true,12685,16.732834056,1,1428,23.524137964609476,2021-6,7,23
2021-06-14,false,10928,30.055728404,1,1337,50.256997885984866,2021-6,1,24
2021-06-14,true,12048,13.923555777,1,1087,25.325085254216681,2021-6,1,24
2021-06-15,false,10705,27.375058384,1,1421,48.174512614367032,2021-6,2,24
2021-06-15,true,13087,13.490257507,1,1071,18.840457168109527,2021-6,2,24
2021-06-16,false,11349,27.667195348,1,1371,49.662977291868387,2021-6,3,24
2021-06-16,true,13852,13.672610453,1,1321,19.93531680045729,2021-6,3,24
2021-06-17,false,12371,26.442243958,1,1155,47.886652372991087,2021-6,4,24
2021-06-17,true,13509,13.616848027,1,937,19.777451577342937,2021-6,4,24
2021-06-18,false,15026,27.99747105,1,1388,48.961121261415407,2021-6,5,24
2021-06-18,true,12601,14.137846203,1,1127,21.22057860204416,2021-6,5,24
2021-06-19,false,22395,31.679615986,1,1370,51.297961725503527,2021-6,6,24
2021-06-19,true,13305,15.998571965,1,974,19.330237877996822,2021-6,6,24
2021-06-20,false,12323,31.954718818,1,1394,55.372790840988117,2021-6,7,24
2021-06-20,true,8479,15.197900696,1,717,18.302731110637914,2021-6,7,24
2021-06-21,false,9431,27.123210688,1,1174,49.4316599705235,2021-6,1,25
2021-06-21,true,11765,12.851848704,1,709,15.727197208225252,2021-6,1,25
2021-06-22,false,11438,26.695838433,1,1194,46.962520187034926,2021-6,2,25
2021-06-22,true,13679,13.559032093,1,872,18.199413789976113,2021-6,2,25
2021-06-23,false,10302,25.076392933,1,1379,45.831063686513907,2021-6,3,25
2021-06-23,true,13202,13.001514922,1,875,16.315617102573203,2021-6,3,25
2021-06-24,false,5975,23.875648536,1,1435,62.776042930420488,2021-6,4,25
2021-06-24,true,9071,11.941792526,1,1236,17.929894672562668,2021-6,4,25
2021-06-25,false,8161,25.977821345,1,1303,57.723830061754811,2021-6,5,25
2021-06-25,true,8370,14.124014337,1,988,33.246246943924739,2021-6,5,25
2021-06-26,false,7952,25.492328974,1,1316,61.746214552617666,2021-6,6,25
2021-06-26,true,6462,13.744815846,1,1433,34.697517255609526,2021-6,6,25
2021-06-27,false,16502,31.458853472,1,1311,48.686012493094381,2021-6,7,25
2021-06-27,true,11646,16.251674395,1,1359,30.60030696007713,2021-6,7,25
2021-06-28,false,6617,24.873356506,1,1349,45.265916034177174,2021-6,1,26
2021-06-28,true,9441,12.527168732,1,677,16.570000192793479,2021-6,1,26
2021-06-29,false,7200,24.36375,1,1311,46.016745651794466,2021-6,2,26
2021-06-29,true,10255,12.957679181,1,1066,18.859783449615936,2021-6,2,26
2021-06-30,false,7281,23.615986815,1,1382,51.0900225049034,2021-6,3,26
2021-06-30,true,11270,12.966104703,1,1013,19.022638761427853,2021-6,3,26
2021-07-01,false,11188,25.406775116,1,1288,47.871731703810461,2021-7,4,26
2021-07-01,true,13142,13.482651042,1,612,17.761849599777594,2021-7,4,26
2021-07-02,false,13581,26.628525145,1,1379,44.680355977169313,2021-7,5,26
2021-07-02,true,12717,13.526853818,1,723,17.203585742011327,2021-7,5,26
2021-07-03,false,21284,32.221903777,1,1388,48.304621388577743,2021-7,6,26
2021-07-03,true,11170,16.341808415,1,1208,28.490735706200596,2021-7,6,26
2021-07-04,false,22887,34.035784506,1,1349,50.200484890127974,2021-7,7,26
2021-07-04,true,9809,16.969008054,1,1126,25.154753119253765,2021-7,7,26
2021-07-05,false,16617,32.825720648,1,1298,53.570549488143676,2021-7,1,27
2021-07-05,true,10103,15.77669999,1,1011,23.37132790719998,2021-7,1,27
2021-07-06,false,11353,26.677265921,1,1406,47.250068452438967,2021-7,2,27
2021-07-06,true,11880,13.215151515,1,1156,20.702469949599738,2021-7,2,27
2021-07-07,false,10496,24.582698171,1,1406,47.756522326610735,2021-7,3,27
2021-07-07,true,12157,12.925721806,1,1115,17.887122716304074,2021-7,3,27
2021-07-08,false,10378,22.573328194,1,1258,36.354691391446217,2021-7,4,27
2021-07-08,true,12210,12.926617527,1,920,21.155576455781119,2021-7,4,27
2021-07-09,false,15832,27.446690248,1,1391,43.291552027135751,2021-7,5,27
2021-07-09,true,13254,13.927719934,1,472,14.286841288033784,2021-7,5,27
2021-07-10,false,15022,27.061310079,1,1284,42.0803911803238,2021-7,6,27
2021-07-10,true,9617,14.694083394,1,871,19.423242449023721,2021-7,6,27
2021-07-11,false,7109,22.634688423,1,1096,42.213838949799026,2021-7,7,27
2021-07-11,true,5905,13.603048264,1,1402,28.559498762050854,2021-7,7,27
2021-07-12,false,8723,26.376590622,1,1081,45.968348495168705,2021-7,1,28
2021-07-12,true,11030,12.302085222,1,594,14.416500607249654,2021-7,1,28
2021-07-13,false,9991,25.206285657,1,1395,45.202616444251753,2021-7,2,28
2021-07-13,true,12566,12.626372752,1,660,13.721812715680251,2021-7,2,28
2021-07-14,false,11603,25.380505042,1,1342,47.524941917945554,2021-7,3,28
2021-07-14,true,13521,13.059906812,1,1042,17.993304385193298,2021-7,3,28
2021-07-15,false,9339,22.293179141,1,1225,43.555726663012841,2021-7,4,28
2021-07-15,true,11192,12.343906362,1,1206,19.202202024290173,2021-7,4,28
2021-07-16,false,11671,23.625996059,1,1343,40.71861818526807,2021-7,5,28
2021-07-16,true,11969,12.809340797,1,1105,16.648782629553125,2021-7,5,28
2021-07-17,false,23207,29.89395441,1,1425,50.416430215118979,2021-7,6,28
2021-07-17,true,13537,15.278200488,1,629,17.949211993741333,2021-7,6,28
2021-07-18,false,19783,30.953091038,1,1440,45.138676315370262,2021-7,7,28
2021-07-18,true,11694,15.984350949,1,618,17.847874292073449,2021-7,7,28
2021-07-19,false,11264,28.017223011,1,1253,45.7417818340794,2021-7,1,29
2021-07-19,true,12238,13.433404151,1,783,20.091808450790612,2021-7,1,29
2021-07-20,false,12131,24.992251257,1,1234,44.24802070019372,2021-7,2,29
2021-07-20,true,13717,13.041335569,1,1262,21.675309104306923,2021-7,2,29
2021-07-21,false,11318,24.033133062,1,1325,37.975865159450024,2021-7,3,29
2021-07-21,true,13737,13.159860231,1,1222,21.036387231431167,2021-7,3,29
2021-07-22,false,11859,24.990724344,1,1300,41.178438507697123,2021-7,4,29
2021-07-22,true,13840,13.028251445,1,855,17.562316696603677,2021-7,4,29
2021-07-23,false,13520,25.134245562,1,1280,38.248905836058576,2021-7,5,29
2021-07-23,true,12271,13.369163067,1,1025,19.060668341013656,2021-7,5,29
2021-07-24,false,19651,28.516665819,1,1316,48.7728068946133,2021-7,6,29
2021-07-24,true,11480,14.761236934,1,775,18.223540674274265,2021-7,6,29
2021-07-25,false,18848,29.732120119,1,1392,46.782811993394972,2021-7,7,29
2021-07-25,true,11533,15.516604526,1,851,19.546470694853078,2021-7,7,29
2021-07-26,false,10957,26.92972529,1,1396,47.499335809013651,2021-7,1,30
2021-07-26,true,12291,13.058660809,1,553,14.569544887739509,2021-7,1,30
2021-07-27,false,11268,25.189119631,1,1397,44.522072545428429,2021-7,2,30
2021-07-27,true,13388,13.020764864,1,902,18.421808506093537,2021-7,2,30
2021-07-28,false,12466,24.068265683,1,1203,38.544602988401053,2021-7,3,30
2021-07-28,true,13320,12.992417417,1,812,16.603421067752574,2021-7,3,30
2021-07-29,false,13212,24.313048744,1,1371,46.375332370749355,2021-7,4,30
2021-07-29,true,12973,13.524319741,1,1375,21.577392623686745,2021-7,4,30
2021-07-30,false,16259,24.824404945,1,1313,41.177546803956695,2021-7,5,30
2021-07-30,true,12901,13.159987598,1,479,15.081120045116322,2021-7,5,30
2021-07-31,false,22546,29.360950945,1,1392,44.814573356787413,2021-7,6,30
2021-07-31,true,12625,15.774257426,1,782,18.833214042782416,2021-7,6,30
2021-08-01,false,18691,29.180889198,1,1415,45.539404074981505,2021-8,7,30
2021-08-01,true,10878,15.437764295,1,888,18.070644822606731,2021-8,7,30
2021-08-02,false,11050,27.01239819,1,1418,43.216308826036112,2021-8,1,31
2021-08-02,true,11887,13.417010179,1,480,16.027227927554751,2021-8,1,31
2021-08-03,false,11254,26.350986316,1,1415,46.064704035587305,2021-8,2,31
2021-08-03,true,13147,13.074085343,1,530,15.083232582574951,2021-8,2,31
2021-08-04,false,11391,24.868404881,1,1356,40.469555161843751,2021-8,3,31
2021-08-04,true,13469,13.142772292,1,1056,16.758269326798224,2021-8,3,31
2021-08-05,false,12369,24.871533673,1,1406,43.792066379375,2021-8,4,31
2021-08-05,true,13495,13.232308262,1,1067,20.133347078583537,2021-8,4,31
2021-08-06,false,14163,25.633128574,1,1201,51.873667094753337,2021-8,5,31
2021-08-06,true,12309,13.191973353,1,730,16.346508271821921,2021-8,5,31
2021-08-07,false,22415,28.27374526,1,1268,41.873486894579024,2021-8,6,31
2021-08-07,true,12645,15.655120601,1,818,20.556533128084432,2021-8,6,31
2021-08-08,false,16578,28.709253227,1,1404,49.687560794479417,2021-8,7,31
2021-08-08,true,10494,15.368400991,1,909,22.162926860457247,2021-8,7,31
2021-08-09,false,7441,22.630560409,1,1248,35.743395172012846,2021-8,1,32
2021-08-09,true,9390,11.984984026,1,733,15.231479379360261,2021-8,1,32
2021-08-10,false,8825,23.208498584,1,1385,49.441559473060565,2021-8,2,32
2021-08-10,true,11446,12.512056614,1,873,19.948693224502396,2021-8,2,32
2021-08-11,false,8878,22.034805136,1,1302,39.656201976128962,2021-8,3,32
2021-08-11,true,12035,12.922476111,1,1347,22.638409937637377,2021-8,3,32
2021-08-12,false,10813,23.770646444,1,1434,45.283391190666542,2021-8,4,32
2021-08-12,true,12894,12.745773228,1,967,15.074168129591849,2021-8,4,32
2021-08-13,false,14517,25.35544534,1,1250,40.596618213216367,2021-8,5,32
2021-08-13,true,13770,13.538271605,1,1012,18.470861330506256,2021-8,5,32
2021-08-14,false,22722,29.209928703,1,1419,45.650563787599772,2021-8,6,32
2021-08-14,true,14093,16.327325623,1,1113,23.513679885666733,2021-8,6,32
2021-08-15,false,18750,30.212533333,1,1406,48.254064314993776,2021-8,7,32
2021-08-15,true,12182,16.237235265,1,657,19.322999121055734,2021-8,7,32
2021-08-16,false,10613,26.253839631,1,1239,43.174371998216813,2021-8,1,33
2021-08-16,true,12516,13.274768297,1,846,18.427797984590747,2021-8,1,33
2021-08-17,false,10741,23.973745461,1,1225,38.441995785350507,2021-8,2,33
2021-08-17,true,13789,12.973602147,1,799,17.042724211788915,2021-8,2,33
2021-08-18,false,10956,24.11683096,1,1219,39.9489022573038,2021-8,3,33
2021-08-18,true,13870,13.034967556,1,1091,18.075161590631108,2021-8,3,33
2021-08-19,false,11482,23.558961853,1,1169,37.844993887478147,2021-8,4,33
2021-08-19,true,13325,12.725403377,1,736,14.891941613668251,2021-8,4,33
2021-08-20,false,14958,24.978874181,1,1432,40.576528865360238,2021-8,5,33
2021-08-20,true,12939,13.406059201,1,902,17.288790507745219,2021-8,5,33
2021-08-21,false,19325,27.549081501,1,1348,44.901092220540662,2021-8,6,33
2021-08-21,true,11565,15.259835711,1,1053,22.28187577860961,2021-8,6,33
2021-08-22,false,18227,31.428759533,1,1361,47.416382031117557,2021-8,7,33
2021-08-22,true,11576,16.302954388,1,1032,20.574078862912742,2021-8,7,33
2021-08-23,false,10569,26.624846248,1,1042,43.376417858167734,2021-8,1,34
2021-08-23,true,12669,12.860052096,1,1099,19.264380003368128,2021-8,1,34
2021-08-24,false,6708,22.148479428,1,1432,55.596869904034541,2021-8,2,34
2021-08-24,true,10526,11.197035911,1,423,11.714335866125062,2021-8,2,34
2021-08-25,false,8274,21.095358956,1,1339,43.54769467607516,2021-8,3,34
2021-08-25,true,12034,11.970167858,1,938,17.479412354605461,2021-8,3,34
2021-08-26,false,11693,23.873770632,1,1427,48.764928736208233,2021-8,4,34
2021-08-26,true,14143,12.762497349,1,839,17.921946200007387,2021-8,4,34
2021-08-27,false,13971,23.435473481,1,1347,40.750584810924991,2021-8,5,34
2021-08-27,true,13339,13.071744509,1,836,19.02416647322941,2021-8,5,34
2021-08-28,false,18124,27.004965791,1,1419,45.107420741272627,2021-8,6,34
2021-08-28,true,12165,14.829593095,1,691,20.039151458133336,2021-8,6,34
2021-08-29,false,12919,27.442139484,1,1336,45.01687249741434,2021-8,7,34
2021-08-29,true,10310,14.358389913,1,481,17.472219183275325,2021-8,7,34
2021-08-30,false,9483,24.012548771,1,1148,35.788618501503308,2021-8,1,35
2021-08-30,true,12692,12.668373779,1,319,12.528137839571063,2021-8,1,35
2021-08-31,false,9163,20.776383281,1,1081,32.120796791587473,2021-8,2,35
2021-08-31,true,13773,12.401074566,1,809,15.031037044920975,2021-8,2,35
2021-09-01,false,10198,21.696999412,1,877,31.731291350540655,2021-9,3,35
2021-09-01,true,14476,12.813346228,1,694,13.96750378655414,2021-9,3,35
2021-09-02,false,10840,22.691420664,1,1134,38.246328239609767,2021-9,4,35
2021-09-02,true,13770,12.648002905,1,680,14.712818232407443,2021-9,4,35
2021-09-03,false,11763,23.296437984,1,1359,43.710573564400534,2021-9,5,35
2021-09-03,true,11891,12.905895215,1,1268,23.007287325950685,2021-9,5,35
2021-09-04,false,16922,28.595910649,1,1439,51.177835369020414,2021-9,6,35
2021-09-04,true,10528,14.588715805,1,1264,23.123929243750798,2021-9,6,35
2021-09-05,false,21369,32.995928682,1,1432,46.0530830073359,2021-9,7,35
2021-09-05,true,10979,16.702340832,1,1192,24.634076254082263,2021-9,7,35
2021-09-06,false,17728,32.190320397,1,1431,50.05857909812601,2021-9,1,36
2021-09-06,true,10882,16.317680573,1,913,20.907030222476607,2021-9,1,36
2021-09-07,false,7628,20.946906135,1,1277,41.871184048415145,2021-9,2,36
2021-09-07,true,11513,11.889255624,1,1026,18.749950753392458,2021-9,2,36
2021-09-08,false,9679,22.106519269,1,1260,38.734684462568275,2021-9,3,36
2021-09-08,true,14427,12.891037638,1,823,17.857496628689741,2021-9,3,36
2021-09-09,false,10397,21.71280177,1,1409,42.018618948924995,2021-9,4,36
2021-09-09,true,14451,12.585011418,1,767,16.345108473078007,2021-9,4,36
2021-09-10,false,12635,23.072180451,1,1220,35.208785566092224,2021-9,5,36
2021-09-10,true,13928,13.433156232,1,1048,18.170063004257671,2021-9,5,36
2021-09-11,false,19268,27.947270085,1,1366,45.619736865252662,2021-9,6,36
2021-09-11,true,13016,14.599877074,1,776,17.421785349928658,2021-9,6,36
2021-09-12,false,14929,27.91526559,1,1384,50.961684584246953,2021-9,7,36
2021-09-12,true,11556,14.509345794,1,800,18.151443579027369,2021-9,7,36
2021-09-13,false,8815,24.265002836,1,1345,47.894103447320951,2021-9,1,37
2021-09-13,true,12750,12.47372549,1,987,15.836029156769575,2021-9,1,37
2021-09-14,false,8940,21.300671141,1,1153,38.539270474116222,2021-9,2,37
2021-09-14,true,14095,12.286058886,1,829,15.539804845211297,2021-9,2,37
2021-09-15,false,10077,22.330653964,1,1437,37.21803492590913,2021-9,3,37
2021-09-15,true,14416,12.526983907,1,479,14.131781035764892,2021-9,3,37
2021-09-16,false,12048,22.848190571,1,1363,43.230720530534541,2021-9,4,37
2021-09-16,true,14741,13.100671596,1,833,17.14413057494691,2021-9,4,37
2021-09-17,false,13430,24.416157856,1,1360,41.368558581936163,2021-9,5,37
2021-09-17,true,13172,13.641132706,1,1142,22.389212746909198,2021-9,5,37
2021-09-18,false,19585,28.747459791,1,1336,49.991362509553923,2021-9,6,37
2021-09-18,true,12909,15.483383686,1,1245,24.968061845271219,2021-9,6,37
2021-09-19,false,16681,28.283436245,1,1293,41.581020080650404,2021-9,7,37
2021-09-19,true,11695,15.633518598,1,1351,25.947378691139548,2021-9,7,37
2021-09-20,false,7979,21.606216318,1,1119,39.485382954453684,2021-9,1,38
2021-09-20,true,11770,12.065420561,1,479,13.299317497287104,2021-9,1,38
2021-09-21,false,6569,19.001217841,1,1322,43.948138505547604,2021-9,2,38
2021-09-21,true,11468,11.371555633,1,1224,17.935283131642077,2021-9,2,38
2021-09-22,false,5842,17.182129408,1,1235,35.183784639023578,2021-9,3,38
2021-09-22,true,11063,11.358944229,1,828,19.45759946727004,2021-9,3,38
2021-09-23,false,7581,18.857538583,1,1360,41.218638298824651,2021-9,4,38
2021-09-23,true,12871,11.691943128,1,785,15.620806619651765,2021-9,4,38
2021-09-24,false,11389,21.84300641,1,1387,43.638049114674835,2021-9,5,38
2021-09-24,true,13155,13.097757507,1,1318,23.271618907729195,2021-9,5,38
2021-09-25,false,17436,25.965473733,1,1424,42.839883670438532,2021-9,6,38
2021-09-25,true,12490,14.491273018,1,479,16.029829951042153,2021-9,6,38
2021-09-26,false,14725,28.276332767,1,1426,48.6042475118674,2021-9,7,38
2021-09-26,true,11575,14.724665227,1,1000,23.950711642263663,2021-9,7,38
2021-09-27,false,8369,23.05592066,1,1147,41.595241998384964,2021-9,1,39
2021-09-27,true,13032,12.534146716,1,1063,28.411198396857021,2021-9,1,39
2021-09-28,false,8270,20.990689238,1,1161,42.373676382749764,2021-9,2,39
2021-09-28,true,14138,12.081977649,1,1154,20.935866588821572,2021-9,2,39
2021-09-29,false,8659,20.23039612,1,1427,41.680391509059262,2021-9,3,39
2021-09-29,true,14526,12.515214099,1,998,19.361777665590463,2021-9,3,39
2021-09-30,false,9117,20.079741143,1,1400,39.49662568658497,2021-9,4,39
2021-09-30,true,14619,12.063273822,1,867,17.875006792270462,2021-9,4,39