day,IS_MEMBER,COUNT,AVG_DURATION,temp_min,temp_avg,temp_max,rain,snow,wind_avg,wind_2min_peak
2020-10-01,false,3247,20.545426548,8.3,11.6,15.0,5.3,0,3.8,12.5
2020-10-01,true,7730,12.22160414,8.3,11.6,15.0,5.3,0,3.8,12.5
2020-10-02,false,5280,25.610037879,5.6,9.4,12.8,0.0,0,3.1,6.7
2020-10-02,true,8997,13.164610426,5.6,9.4,12.8,0.0,0,3.1,6.7
2020-10-03,false,6871,27.575316548,7.8,10.0,13.3,2.8,0,2.2,5.4
2020-10-03,true,7483,14.35560604,7.8,10.0,13.3,2.8,0,2.2,5.4
2020-10-04,false,5790,28.73851468,4.4,9.5,13.9,0.0,0,3.8,8.1
2020-10-04,true,6822,14.75608326,4.4,9.5,13.9,0.0,0,3.8,8.1
2020-10-05,false,3845,23.667360208,3.3,9.2,17.2,0.0,0,4.7,9.8
2020-10-05,true,8415,12.937849079,3.3,9.2,17.2,0.0,0,4.7,9.8
2020-10-06,false,5300,25.358113208,11.1,15.7,23.9,0.0,0,5.1,8.1
2020-10-06,true,10451,13.761936657,11.1,15.7,23.9,0.0,0,5.1,8.1
2020-10-07,false,6099,25.696179702,11.7,19.5,24.4,0.0,0,4.2,9.4
2020-10-07,true,11038,14.098387389,11.7,19.5,24.4,0.0,0,4.2,9.4
2020-10-08,false,5722,24.745893044,10.0,15.2,21.1,0.0,0,2.3,6.7
2020-10-08,true,10407,13.359565677,10.0,15.2,21.1,0.0,0,2.3,6.7
2020-10-09,false,9247,30.047474857,11.1,17.2,27.8,0.0,0,5.3,11.2
2020-10-09,true,11192,15.022605432,11.1,17.2,27.8,0.0,0,5.3,11.2
2020-10-10,false,13588,34.990653518,13.9,20.9,25.0,0.0,0,6.0,10.3
2020-10-10,true,10681,16.002995974,13.9,20.9,25.0,0.0,0,6.0,10.3
2020-10-11,false,10266,35.373076174,13.3,16.3,20.6,0.0,0,3.9,7.2
2020-10-11,true,9044,15.76415303,13.3,16.3,20.6,0.0,0,3.9,7.2
2020-10-12,false,2982,22.903085178,10.0,16.9,19.4,2.8,0,5.1,11.2
2020-10-12,true,6555,12.243630816,10.0,16.9,19.4,2.8,0,5.1,11.2
2020-10-13,false,5193,25.633545157,7.8,13.8,22.8,0.0,0,5.3,13.0
2020-10-13,true,10080,13.509722222,7.8,13.8,22.8,0.0,0,5.3,13.0
2020-10-14,false,5049,24.700534759,8.3,15.5,26.1,0.0,0,6.0,14.3
2020-10-14,true,9984,13.471053686,8.3,15.5,26.1,0.0,0,6.0,14.3
2020-10-15,false,3857,19.836919886,5.0,14.6,17.8,0.0,0,5.1,11.6
2020-10-15,true,8461,12.134381279,5.0,14.6,17.8,0.0,0,5.1,11.6
2020-10-16,false,4103,29.532537168,2.8,7.2,11.7,0.3,0,4.2,11.6
2020-10-16,true,7461,16.844122772,2.8,7.2,11.7,0.3,0,4.2,11.6
2020-10-17,false,6948,30.143350604,2.8,9.5,18.3,0.0,0,6.4,14.3
2020-10-17,true,7296,13.862390351,2.8,9.5,18.3,0.0,0,6.4,14.3
2020-10-18,false,1839,22.910821098,4.4,11.8,15.6,4.6,0,3.6,10.3
2020-10-18,true,3282,12.446374162,4.4,11.8,15.6,4.6,0,3.6,10.3
2020-10-19,false,1812,21.146799117,3.3,5.5,10.0,1.3,0,3.8,8.1
2020-10-19,true,5535,11.657633243,3.3,5.5,10.0,1.3,0,3.8,8.1
2020-10-20,false,2256,17.644946809,3.3,6.3,11.7,4.8,0,3.6,6.7
2020-10-20,true,6834,11.48697688,3.3,6.3,11.7,4.8,0,3.6,6.7
2020-10-21,false,2715,21.912707182,8.3,10.4,15.0,9.7,0,3.6,8.1
2020-10-21,true,7392,12.322104978,8.3,10.4,15.0,9.7,0,3.6,8.1
2020-10-22,false,4437,26.711967546,8.3,12.9,25.6,42.4,0,4.6,8.9
2020-10-22,true,8492,13.744936411,8.3,12.9,25.6,42.4,0,4.6,8.9
2020-10-23,false,1892,20.08615222,3.3,16.1,22.2,16.5,0,5.4,9.8
2020-10-23,true,5005,10.980619381,3.3,16.1,22.2,16.5,0,5.4,9.8
2020-10-24,false,5234,27.034008407,1.1,5.0,9.4,0.0,0,3.5,6.3
2020-10-24,true,6944,13.995679724,1.1,5.0,9.4,0.0,0,3.5,6.3
2020-10-25,false,3232,24.536200495,3.9,5.6,8.3,0.0,0,5.6,10.7
2020-10-25,true,5156,12.799262995,3.9,5.6,8.3,0.0,0,5.6,10.7
2020-10-26,false,1333,16.126031508,1.1,3.3,3.9,1.5,0,4.2,8.1
2020-10-26,true,5144,11.356531882,1.1,3.3,3.9,1.5,0,4.2,8.1
2020-10-27,false,1217,18.558751027,0.6,2.1,3.3,0.8,0,2.0,4.0
2020-10-27,true,4835,12.402275078,0.6,2.1,3.3,0.8,0,2.0,4.0
2020-10-28,false,2405,20.057796258,-0.5,3.9,10.6,0.0,0,3.3,7.6
2020-10-28,true,7081,12.151673492,-0.5,3.9,10.6,0.0,0,3.3,7.6
2020-10-29,false,1915,15.654830287,1.7,7.0,9.4,0.0,0,7.2,14.3
2020-10-29,true,6078,10.977459691,1.7,7.0,9.4,0.0,0,7.2,14.3
2020-10-30,false,2664,20.304054054,-0.5,2.9,6.7,0.0,0,2.7,6.7
2020-10-30,true,6559,12.399298674,-0.5,2.9,6.7,0.0,0,2.7,6.7
2020-10-31,false,5423,29.584916098,-1.0,5.0,15.0,0.0,0,6.2,12.5
2020-10-31,true,7518,14.709364193,-1.0,5.0,15.0,0.0,0,6.2,12.5
2020-11-01,false,1959,21.757018887,-1.0,7.2,12.8,0.0,0,7.2,14.3
2020-11-01,true,3869,11.611269062,-1.0,7.2,12.8,0.0,0,7.2,14.3
2020-11-02,false,1984,20.459173387,-2.1,2.7,10.6,0.0,0,4.8,10.7
2020-11-02,true,5998,11.304101367,-2.1,2.7,10.6,0.0,0,4.8,10.7
2020-11-03,false,3646,24.976961053,3.9,10.1,20.6,0.0,0,4.4,8.9
2020-11-03,true,8097,13.395331604,3.9,10.1,20.6,0.0,0,4.4,8.9
2020-11-04,false,3730,26.858176944,11.1,16.2,23.3,0.0,0,6.1,10.3
2020-11-04,true,8057,13.45264987,11.1,16.2,23.3,0.0,0,6.1,10.3
2020-11-05,false,3953,24.755122692,12.8,17.3,21.7,0.0,0,4.4,7.6
2020-11-05,true,8216,12.892648491,12.8,17.3,21.7,0.0,0,4.4,7.6
2020-11-06,false,6234,30.996631376,10.6,16.0,23.3,0.0,0,4.0,8.9
2020-11-06,true,9541,13.884917724,10.6,16.0,23.3,0.0,0,4.0,8.9
2020-11-07,false,12560,35.607484076,12.2,17.1,22.2,0.0,0,4.4,8.1
2020-11-07,true,10775,17.027935035,12.2,17.1,22.2,0.0,0,4.4,8.1
2020-11-08,false,9249,35.906152016,11.1,17.2,24.4,0.0,0,3.8,8.1
2020-11-08,true,8834,16.849898121,11.1,17.2,24.4,0.0,0,3.8,8.1
2020-11-09,false,4936,30.369732577,17.2,20.8,24.4,0.0,0,5.4,10.7
2020-11-09,true,8900,13.423820225,17.2,20.8,24.4,0.0,0,5.4,10.7
2020-11-10,false,2545,22.486051081,5.6,21.4,23.9,8.1,0,8.5,17.4
2020-11-10,true,6371,11.987757024,5.6,21.4,23.9,8.1,0,8.5,17.4
2020-11-11,false,2181,19.933516735,1.7,6.3,7.2,0.0,0,3.9,9.8
2020-11-11,true,6431,11.478619188,1.7,6.3,7.2,0.0,0,3.9,9.8
2020-11-12,false,2367,19.548795944,1.7,5.9,12.2,0.5,0,2.7,6.7
2020-11-12,true,6583,11.565395716,1.7,5.9,12.2,0.5,0,2.7,6.7
2020-11-13,false,2216,19.380866426,-1.0,4.9,7.8,0.0,0,3.6,9.4
2020-11-13,true,5787,11.583203733,-1.0,4.9,7.8,0.0,0,3.6,9.4
2020-11-14,false,2503,25.143827407,-1.6,1.7,10.6,6.6,0,5.5,10.7
2020-11-14,true,4517,12.251272969,-1.6,1.7,10.6,6.6,0,5.5,10.7
2020-11-15,false,970,21.281443299,1.1,7.9,12.8,1.8,0,8.9,15.7
2020-11-15,true,2425,10.432164948,1.1,7.9,12.8,1.8,0,8.9,15.7
2020-11-16,false,1623,19.076401725,0.0,3.1,8.3,0.0,0,5.2,10.7
2020-11-16,true,5413,11.490301127,0.0,3.1,8.3,0.0,0,5.2,10.7
2020-11-17,false,1390,17.85971223,-1.6,3.1,5.6,0.0,0,4.2,10.3
2020-11-17,true,5095,11.710500491,-1.6,3.1,5.6,0.0,0,4.2,10.3
2020-11-18,false,1674,18.590203106,1.1,5.2,10.6,0.0,0,6.5,12.5
2020-11-18,true,5546,11.791922106,1.1,5.2,10.6,0.0,0,6.5,12.5
2020-11-19,false,2667,23.003374578,8.9,11.9,18.9,0.0,0,8.9,12.5
2020-11-19,true,6418,12.46759115,8.9,11.9,18.9,0.0,0,8.9,12.5
2020-11-20,false,3002,24.579946702,6.1,14.1,16.1,0.0,0,4.7,9.8
2020-11-20,true,6720,13.368303571,6.1,14.1,16.1,0.0,0,4.7,9.8
2020-11-21,false,2690,25.93197026,2.2,6.2,8.9,0.0,0,2.9,5.8
2020-11-21,true,5075,13.123152709,2.2,6.2,8.9,0.0,0,2.9,5.8
2020-11-22,false,1596,25.513784461,5.0,6.2,8.3,0.0,0,3.0,5.8
2020-11-22,true,3322,14.041842264,5.0,6.2,8.3,0.0,0,3.0,5.8
2020-11-23,false,1538,23.007802341,0.6,4.8,7.8,0.0,0,2.6,5.8
2020-11-23,true,4762,11.898572029,0.6,4.8,7.8,0.0,0,2.6,5.8
2020-11-24,false,518,21.075289575,0.6,3.0,7.2,14.7,18,4.2,7.2
2020-11-24,true,2226,10.763252471,0.6,3.0,7.2,14.7,18,4.2,7.2
2020-11-25,false,675,22.214814815,6.7,7.2,8.3,11.9,0,3.6,6.3
2020-11-25,true,2530,13.345849802,6.7,7.2,8.3,11.9,0,3.6,6.3
2020-11-26,false,1182,29.72927242,5.0,6.7,7.8,0.0,0,4.2,8.1
2020-11-26,true,2348,13.994889267,5.0,6.7,7.8,0.0,0,4.2,8.1
2020-11-27,false,1758,28.462457338,0.6,5.4,7.2,0.0,0,3.3,5.8
2020-11-27,true,3490,14.119770774,0.6,5.4,7.2,0.0,0,3.3,5.8
2020-11-28,false,2848,33.514747191,-1.6,3.0,10.0,0.0,0,4.9,8.9
2020-11-28,true,4281,15.538659192,-1.6,3.0,10.0,0.0,0,4.9,8.9
2020-11-29,false,1795,25.759888579,2.8,6.0,9.4,0.0,0,5.2,10.3
2020-11-29,true,3556,13.802024747,2.8,6.0,9.4,0.0,0,5.2,10.3
2020-11-30,false,650,16.029230769,-1.6,1.4,2.8,0.0,0,7.6,10.7
2020-11-30,true,3229,10.228553732,-1.6,1.4,2.8,0.0,0,7.6,10.7
2020-12-01,false,752,18.638297872,-3.8,-1.6,1.7,0.0,0,3.7,7.2
2020-12-01,true,3689,10.815397127,-3.8,-1.6,1.7,0.0,0,3.7,7.2
2020-12-02,false,1072,20.202425373,-3.8,0.7,8.9,0.0,0,3.0,6.7
2020-12-02,true,4300,11.647906977,-3.8,0.7,8.9,0.0,0,3.0,6.7
2020-12-03,false,1149,19.161879896,-1.0,2.4,6.7,0.0,0,4.9,8.9
2020-12-03,true,4189,11.945810456,-1.0,2.4,6.7,0.0,0,4.9,8.9
2020-12-04,false,1391,21.553558591,-1.0,3.1,7.8,0.0,0,4.6,8.9
2020-12-04,true,4664,12.673241852,-1.0,3.1,7.8,0.0,0,4.6,8.9
2020-12-05,false,1790,23.396089385,-1.6,1.2,5.0,0.0,0,2.2,4.0
2020-12-05,true,4186,12.978499761,-1.6,1.2,5.0,0.0,0,2.2,4.0
2020-12-06,false,1150,24.667826087,1.1,1.9,2.8,0.0,0,2.1,5.8
2020-12-06,true,3087,12.670229997,1.1,1.9,2.8,0.0,0,2.1,5.8
2020-12-07,false,858,19.342657343,0.6,2.0,3.3,0.0,0,1.8,4.0
2020-12-07,true,3769,11.299018307,0.6,2.0,3.3,0.0,0,1.8,4.0
2020-12-08,false,802,16.407730673,0.6,1.7,2.2,0.0,0,4.5,9.4
2020-12-08,true,3862,11.373381668,0.6,1.7,2.2,0.0,0,4.5,9.4
2020-12-09,false,1475,22.925423729,0.0,4.1,11.7,0.0,0,2.5,5.8
2020-12-09,true,5096,12.816718995,0.0,4.1,11.7,0.0,0,2.5,5.8
2020-12-10,false,1969,23.549517522,-0.5,5.6,13.9,0.0,0,2.0,6.7
2020-12-10,true,5593,13.672805292,-0.5,5.6,13.9,0.0,0,2.0,6.7
2020-12-11,false,713,18.373071529,2.2,6.2,6.7,20.8,0,6.6,12.5
2020-12-11,true,3111,11.032144005,2.2,6.2,6.7,20.8,0,6.6,12.5
2020-12-12,false,543,18.861878453,-1.0,4.4,5.6,21.6,0,6.8,11.6
2020-12-12,true,1899,11.228541338,-1.0,4.4,5.6,21.6,0,6.8,11.6
2020-12-13,false,1421,24.622800844,-2.7,-0.4,2.2,0.0,0,3.0,9.4
2020-12-13,true,3299,14.405274326,-2.7,-0.4,2.2,0.0,0,3.0,9.4
2020-12-14,false,818,15.887530562,-6.0,-1.2,0.0,0.0,0,4.3,7.6
2020-12-14,true,3541,10.975713075,-6.0,-1.2,0.0,0.0,0,4.3,7.6
2020-12-15,false,763,16.279161206,-7.7,-3.9,1.1,0.0,0,4.0,7.2
2020-12-15,true,3591,11.138958507,-7.7,-3.9,1.1,0.0,0,4.0,7.2
2020-12-16,false,652,18.878834356,-1.6,-0.4,1.1,0.0,0,4.2,6.7
2020-12-16,true,3098,11.112330536,-1.6,-0.4,1.1,0.0,0,4.2,6.7
2020-12-17,false,710,18.477464789,-2.7,0.6,1.7,0.0,0,2.3,5.4
2020-12-17,true,3257,11.398833282,-2.7,0.6,1.7,0.0,0,2.3,5.4
2020-12-18,false,1062,20.607344633,-4.3,-1.1,2.8,0.0,0,4.5,9.4
2020-12-18,true,3888,11.883487654,-4.3,-1.1,2.8,0.0,0,4.5,9.4
2020-12-19,false,1488,26.442204301,2.2,3.5,6.1,0.0,0,4.3,8.1
2020-12-19,true,3580,12.569273743,2.2,3.5,6.1,0.0,0,4.3,8.1
2020-12-20,false,1343,29.148175726,0.0,2.4,5.0,0.0,0,4.1,8.9
2020-12-20,true,2931,13.534288639,0.0,2.4,5.0,0.0,0,4.1,8.9
2020-12-21,false,1077,21.894150418,0.6,3.0,7.8,0.0,0,5.8,11.2
2020-12-21,true,3536,12.113687783,0.6,3.0,7.8,0.0,0,5.8,11.2
2020-12-22,false,1078,21.358070501,0.0,2.9,5.6,0.0,0,4.6,9.8
2020-12-22,true,3731,12.676226213,0.0,2.9,5.6,0.0,0,4.6,9.8
2020-12-23,false,1049,21.312678742,-3.2,8.2,14.4,4.3,0,9.3,13.9
2020-12-23,true,3420,12.219590643,-3.2,8.2,14.4,4.3,0,9.3,13.9
2020-12-24,false,263,16.353612167,-12.7,-5.6,-3.2,0.0,5,6.6,14.3
2020-12-24,true,1346,10.135958395,-12.7,-5.6,-3.2,0.0,5,6.6,14.3
2020-12-25,false,264,31.397727273,-13.2,-10.3,-5.5,0.0,0,5.6,9.8
2020-12-25,true,577,12.47660312,-13.2,-10.3,-5.5,0.0,0,5.6,9.8
2020-12-26,false,690,33.707246377,-7.1,-4.9,0.6,0.0,0,2.6,6.7
2020-12-26,true,1674,13.419354839,-7.1,-4.9,0.6,0.0,0,2.6,6.7
2020-12-27,false,1137,29.631486368,-3.8,-0.1,8.3,0.0,0,3.9,9.8
2020-12-27,true,2316,14.254749568,-3.8,-0.1,8.3,0.0,0,3.9,9.8
2020-12-28,false,742,24.739892183,-6.0,0.6,1.1,0.0,0,4.7,8.1
2020-12-28,true,2877,13.279457769,-6.0,0.6,1.1,0.0,0,4.7,8.1
2020-12-29,false,537,20.664804469,-7.7,-4.3,0.0,13.2,66,3.7,8.9
2020-12-29,true,2075,12.037590361,-7.7,-4.3,0.0,13.2,66,3.7,8.9
2020-12-30,false,311,24.54340836,-3.2,-0.1,1.7,4.8,0,6.3,10.7
2020-12-30,true,1518,11.789855072,-3.2,-0.1,1.7,4.8,0,6.3,10.7
2020-12-31,false,555,25.731531532,-7.7,-3.6,-1.6,0.0,0,1.8,5.8
2020-12-31,true,2120,12.922169811,-7.7,-3.6,-1.6,0.0,0,1.8,5.8
2021-01-01,false,270,23.318518519,-7.1,-2.9,1.7,9.7,33,5.3,10.3
2021-01-01,true,776,12.469072165,-7.1,-2.9,1.7,9.7,33,5.3,10.3
2021-01-02,false,537,27.089385475,-2.1,0.0,1.7,0.0,0,2.8,7.2
2021-01-02,true,1713,13.027437245,-2.1,0.0,1.7,0.0,0,2.8,7.2
2021-01-03,false,570,22.622807018,-3.2,-0.1,0.6,0.8,10,3.1,5.8
2021-01-03,true,1774,12.384441939,-3.2,-0.1,0.6,0.8,10,3.1,5.8
2021-01-04,false,520,17.190384615,-4.3,-2.8,-1.0,0.0,0,3.5,6.3
2021-01-04,true,2633,14.051652108,-4.3,-2.8,-1.0,0.0,0,3.5,6.3
2021-01-05,false,635,20.875590551,-1.6,-0.6,2.8,0.0,0,2.5,6.7
2021-01-05,true,3161,11.613097121,-1.6,-0.6,2.8,0.0,0,2.5,6.7
2021-01-06,false,694,23.760806916,-0.5,0.6,3.9,0.0,0,2.1,4.5
2021-01-06,true,3135,13.812440191,-0.5,0.6,3.9,0.0,0,2.1,4.5
2021-01-07,false,733,17.708049113,0.6,1.8,3.3,0.0,0,4.1,6.7
2021-01-07,true,3089,11.826804791,0.6,1.8,3.3,0.0,0,4.1,6.7
2021-01-08,false,679,20.306332842,-1.0,1.0,2.2,0.5,5,5.3,9.8
2021-01-08,true,3146,12.444055944,-1.0,1.0,2.2,0.5,5,5.3,9.8
2021-01-09,false,1387,29.296322999,-2.1,-0.3,2.8,0.0,0,3.3,5.8
2021-01-09,true,3495,13.441773963,-2.1,-0.3,2.8,0.0,0,3.3,5.8
2021-01-10,false,836,20.34569378,-4.3,-1.7,-1.6,0.0,0,2.6,6.7
2021-01-10,true,2421,12.353572904,-4.3,-1.7,-1.6,0.0,0,2.6,6.7
2021-01-11,false,525,18.561904762,-5.5,-3.8,-1.0,0.0,0,5.9,8.9
2021-01-11,true,2808,11.59045584,-5.5,-3.8,-1.0,0.0,0,5.9,8.9
2021-01-12,false,707,19.289957567,-2.7,-0.7,2.8,0.0,0,4.8,7.2
2021-01-12,true,3427,11.620367669,-2.7,-0.7,2.8,0.0,0,4.8,7.2
2021-01-13,false,759,17.035573123,-0.5,1.4,5.0,0.0,0,3.8,6.7
2021-01-13,true,3645,12.192318244,-0.5,1.4,5.0,0.0,0,3.8,6.7
2021-01-14,false,563,20.14920071,0.0,2.4,4.4,3.6,0,4.1,8.9
2021-01-14,true,3006,10.879574185,0.0,2.4,4.4,3.6,0,4.1,8.9
2021-01-15,false,802,21.416458853,-1.0,1.9,3.9,0.3,0,2.7,6.3
2021-01-15,true,3281,11.93934776,-1.0,1.9,3.9,0.3,0,2.7,6.3
2021-01-16,false,845,26.655621302,-1.0,0.6,2.2,1.8,18,3.8,6.7
2021-01-16,true,2407,14.444536768,-1.0,0.6,2.2,1.8,18,3.8,6.7
2021-01-17,false,606,18.99339934,-2.7,-0.1,1.1,1.3,18,3.0,4.5
2021-01-17,true,1908,13.697589099,-2.7,-0.1,1.1,1.3,18,3.0,4.5
2021-01-18,false,611,21.973813421,-4.9,-2.0,-1.0,0.0,3,4.1,7.6
2021-01-18,true,2926,11.393369788,-4.9,-2.0,-1.0,0.0,3,4.1,7.6
2021-01-19,false,369,15.132791328,-6.6,-4.3,0.0,1.3,43,4.5,10.3
2021-01-19,true,2716,10.620029455,-6.6,-4.3,0.0,1.3,43,4.5,10.3
2021-01-20,false,365,17.191780822,-10.5,-5.2,1.1,0.0,0,5.8,11.2
2021-01-20,true,2291,11.790484505,-10.5,-5.2,1.1,0.0,0,5.8,11.2
2021-01-21,false,677,21.223042836,-1.0,1.1,3.9,0.0,0,6.4,11.6
2021-01-21,true,3460,11.869653179,-1.0,1.1,3.9,0.0,0,6.4,11.6
2021-01-22,false,479,17.818371608,-11.0,-5.1,-1.0,0.0,0,4.6,8.9
2021-01-22,true,2599,10.65409773,-11.0,-5.1,-1.0,0.0,0,4.6,8.9
2021-01-23,false,789,19.835234474,-12.1,-8.3,-1.0,0.0,0,2.5,5.4
2021-01-23,true,2714,11.947678703,-12.1,-8.3,-1.0,0.0,0,2.5,5.4
2021-01-24,false,700,23.484285714,-2.7,-1.3,1.1,0.5,0,3.1,5.8
2021-01-24,true,2282,12.598159509,-2.7,-1.3,1.1,0.5,0,3.1,5.8
2021-01-25,false,399,16.704260652,-2.1,-0.6,1.1,1.3,18,6.4,11.2
2021-01-25,true,2605,13.770441459,-2.1,-0.6,1.1,1.3,18,6.4,11.2
2021-01-26,false,145,17.882758621,-3.8,-0.6,0.0,12.2,135,7.9,11.2
2021-01-26,true,1106,13.726943942,-3.8,-0.6,0.0,12.2,135,7.9,11.2
2021-01-27,false,236,16.716101695,-9.9,-4.3,-2.7,0.0,0,5.0,7.2
2021-01-27,true,1982,13.13975782,-9.9,-4.3,-2.7,0.0,0,5.0,7.2
2021-01-28,false,336,19.455357143,-13.2,-8.4,-3.2,0.0,0,2.3,5.8
2021-01-28,true,2224,11.677607914,-13.2,-8.4,-3.2,0.0,0,2.3,5.8
2021-01-29,false,551,17.858439201,-8.8,-5.6,0.0,0.0,0,2.7,6.3
2021-01-29,true,2668,12.721889055,-8.8,-5.6,0.0,0.0,0,2.7,6.3
2021-01-30,false,385,19.197402597,-1.6,-0.8,1.1,9.1,114,7.4,13.0
2021-01-30,true,1795,12.860724234,-1.6,-0.8,1.1,9.1,114,7.4,13.0
2021-01-31,false,105,48.504761905,-1.0,-0.7,0.0,7.4,160,7.5,10.7
2021-01-31,true,370,20.075675676,-1.0,-0.7,0.0,7.4,160,7.5,10.7
2021-02-01,false,252,20.619047619,-5.5,-1.4,0.6,0.0,0,5.0,10.3
2021-02-01,true,1516,15.346965699,-5.5,-1.4,0.6,0.0,0,5.0,10.3
2021-02-02,false,282,24.163120567,-6.0,-3.3,0.6,0.0,0,4.1,7.6
2021-02-02,true,1981,13.516405856,-6.0,-3.3,0.6,0.0,0,4.1,7.6
2021-02-03,false,356,18.623595506,-8.2,-3.6,2.2,0.0,0,2.3,5.8
2021-02-03,true,2306,14.094102342,-8.2,-3.6,2.2,0.0,0,2.3,5.8
2021-02-04,false,197,16.086294416,-7.1,0.1,3.9,7.9,58,6.8,13.9
2021-02-04,true,1504,12.23337766,-7.1,0.1,3.9,7.9,58,6.8,13.9
2021-02-05,false,137,22.737226277,-13.2,-8.3,-7.1,0.0,3,8.1,13.9
2021-02-05,true,1124,17.269572954,-13.2,-8.3,-7.1,0.0,3,8.1,13.9
2021-02-06,false,113,30.469026549,-16.6,-12.9,-11.0,1.8,18,4.1,7.2
2021-02-06,true,699,17.380543634,-16.6,-12.9,-11.0,1.8,18,4.1,7.2
2021-02-07,false,77,26.415584416,-21.6,-17.1,-14.9,0.0,0,3.7,7.2
2021-02-07,true,475,21.025263158,-21.6,-17.1,-14.9,0.0,0,3.7,7.2
2021-02-08,false,81,42.62962963,-17.1,-14.8,-9.3,2.0,99,1.8,5.4
2021-02-08,true,822,17.635036496,-17.1,-14.8,-9.3,2.0,99,1.8,5.4
2021-02-09,false,138,31.884057971,-17.7,-13.2,-7.7,0.0,3,3.7,8.1
2021-02-09,true,1121,12.892952721,-17.7,-13.2,-7.7,0.0,3,3.7,8.1
2021-02-10,false,143,25.370629371,-14.3,-12.4,-8.8,0.8,13,3.7,7.2
2021-02-10,true,1075,15.911627907,-14.3,-12.4,-8.8,0.8,13,3.7,7.2
2021-02-11,false,176,18.857954545,-16.6,-11.3,-6.0,0.3,10,5.1,8.1
2021-02-11,true,1155,16.522943723,-16.6,-11.3,-6.0,0.3,10,5.1,8.1
2021-02-12,false,287,25.153310105,-13.8,-10.1,-8.2,0.3,3,4.3,6.7
2021-02-12,true,1496,13.915106952,-13.8,-10.1,-8.2,0.3,3,4.3,6.7
2021-02-13,false,135,35.555555556,-18.2,-13.4,-11.0,3.0,81,4.9,7.2
2021-02-13,true,565,18.251327434,-18.2,-13.4,-11.0,3.0,81,4.9,7.2
2021-02-14,false,93,34.870967742,-20.5,-17.7,-15.5,0.8,15,4.8,7.6
2021-02-14,true,381,21.776902887,-20.5,-17.7,-15.5,0.8,15,4.8,7.6
2021-02-15,false,33,50.545454545,-17.7,-15.8,-11.0,4.8,155,7.2,11.6
2021-02-15,true,303,28.03960396,-17.7,-15.8,-11.0,4.8,155,7.2,11.6
2021-02-16,false,48,118.6875,-13.8,-11.3,-6.6,0.3,20,4.6,8.9
2021-02-16,true,225,33.408888889,-13.8,-11.3,-6.6,0.3,20,4.6,8.9
2021-02-17,false,80,31.975,-14.3,-9.2,-2.7,0.0,0,2.2,4.5
2021-02-17,true,526,25.912547529,-14.3,-9.2,-2.7,0.0,0,2.2,4.5
2021-02-18,false,110,28.809090909,-8.2,-6.3,-3.2,1.0,41,2.5,5.4
2021-02-18,true,678,18.945427729,-8.2,-6.3,-3.2,1.0,41,2.5,5.4
2021-02-19,false,145,38.868965517,-13.8,-8.8,-6.6,0.0,0,3.9,6.7
2021-02-19,true,801,21.18227216,-13.8,-8.8,-6.6,0.0,0,3.9,6.7
2021-02-20,false,194,45.530927835,-14.9,-8.4,-1.6,0.0,0,2.3,5.4
2021-02-20,true,912,20.560307018,-14.9,-8.4,-1.6,0.0,0,2.3,5.4
2021-02-21,false,174,29.057471264,-8.2,-3.6,2.8,8.1,30,4.9,8.9
2021-02-21,true,704,23.632102273,-8.2,-3.6,2.8,8.1,30,4.9,8.9
2021-02-22,false,202,31.024752475,-3.2,0.4,4.4,0.0,0,6.7,9.4
2021-02-22,true,1279,15.816262705,-3.2,0.4,4.4,0.0,0,6.7,9.4
2021-02-23,false,512,30.466796875,2.8,4.7,8.3,0.0,0,4.5,8.1
2021-02-23,true,2274,15.904573439,2.8,4.7,8.3,0.0,0,4.5,8.1
2021-02-24,false,520,27.911538462,0.0,5.6,7.2,0.0,0,4.9,9.8
2021-02-24,true,2577,12.540939076,0.0,5.6,7.2,0.0,0,4.9,9.8
2021-02-25,false,550,21.243636364,-2.7,1.1,4.4,0.0,0,3.2,7.6
2021-02-25,true,2588,12.78438949,-2.7,1.1,4.4,0.0,0,3.2,7.6
2021-02-26,false,878,26.085421412,-4.3,0.9,6.1,0.5,0,3.7,8.1
2021-02-26,true,2996,13.115487316,-4.3,0.9,6.1,0.5,0,3.7,8.1
2021-02-27,false,2976,35.718413978,0.6,4.6,11.1,0.0,0,3.2,5.8
2021-02-27,true,4196,16.19613918,0.6,4.6,11.1,0.0,0,3.2,5.8
2021-02-28,false,1018,31.120825147,1.1,6.0,9.4,0.3,0,5.2,12.5
2021-02-28,true,2347,14.103962505,1.1,6.0,9.4,0.3,0,5.2,12.5
2021-03-01,false,576,22.008680556,-4.3,0.3,1.7,0.0,0,3.8,8.9
2021-03-01,true,2835,10.906525573,-4.3,0.3,1.7,0.0,0,3.8,8.9
2021-03-02,false,792,22.006313131,-5.5,-1.3,6.1,0.0,0,4.8,9.8
2021-03-02,true,3259,11.923903038,-5.5,-1.3,6.1,0.0,0,4.8,9.8
2021-03-03,false,1457,27.822237474,0.6,6.8,15.0,0.0,0,3.7,8.1
2021-03-03,true,4195,13.782598331,0.6,6.8,15.0,0.0,0,3.7,8.1
2021-03-04,false,709,18.777150917,-2.7,2.1,2.8,0.0,0,6.0,10.7
2021-03-04,true,3238,11.192093885,-2.7,2.1,2.8,0.0,0,6.0,10.7
2021-03-05,false,1449,25.77915804,-4.3,1.2,9.4,0.0,0,2.6,7.2
2021-03-05,true,3905,12.327784891,-4.3,1.2,9.4,0.0,0,2.6,7.2
2021-03-06,false,2633,30.246107102,-3.2,2.5,8.9,0.0,0,1.5,5.8
2021-03-06,true,4133,14.415678684,-3.2,2.5,8.9,0.0,0,1.5,5.8
2021-03-07,false,2565,34.955945419,-3.2,2.5,11.1,0.0,0,3.2,6.7
2021-03-07,true,3841,15.497787035,-3.2,2.5,11.1,0.0,0,3.2,6.7
2021-03-08,false,3084,35.635538262,6.7,10.4,16.7,0.0,0,4.8,10.7
2021-03-08,true,5744,14.375348189,6.7,10.4,16.7,0.0,0,4.8,10.7
2021-03-09,false,3743,34.033128507,4.4,11.4,20.6,0.0,0,4.5,12.5
2021-03-09,true,6494,14.692485371,4.4,11.4,20.6,0.0,0,4.5,12.5
2021-03-10,false,2173,27.4109526,13.9,16.1,20.6,0.0,0,8.5,16.5
2021-03-10,true,5127,12.763409401,13.9,16.1,20.6,0.0,0,8.5,16.5
2021-03-11,false,2232,26.946684588,5.6,12.9,17.8,4.1,0,6.2,16.1
2021-03-11,true,5284,12.427895534,5.6,12.9,17.8,4.1,0,6.2,16.1
2021-03-12,false,2192,24.36770073,2.8,7.3,12.2,0.0,0,3.7,7.2
2021-03-12,true,4947,13.014554275,2.8,7.3,12.2,0.0,0,3.7,7.2
2021-03-13,false,6418,33.17684637,-0.5,6.2,15.0,0.0,0,2.4,5.4
2021-03-13,true,6085,16.3168447,-0.5,6.2,15.0,0.0,0,2.4,5.4
2021-03-14,false,2162,27.154486586,2.2,7.4,8.9,0.0,0,7.5,13.9
2021-03-14,true,3122,13.019859065,2.2,7.4,8.9,0.0,0,7.5,13.9
2021-03-15,false,358,15.377094972,-1.6,1.7,4.4,5.8,46,7.2,12.5
2021-03-15,true,1830,10.636612022,-1.6,1.7,4.4,5.8,46,7.2,12.5
2021-03-16,false,904,19.884955752,0.6,1.6,3.3,0.0,0,2.9,5.4
2021-03-16,true,3310,12.106646526,0.6,1.6,3.3,0.0,0,2.9,5.4
2021-03-17,false,797,21.249686324,1.1,2.1,3.9,9.4,0,5.9,12.5
2021-03-17,true,2897,10.813945461,1.1,2.1,3.9,9.4,0,5.9,12.5
2021-03-18,false,907,21.454244763,2.2,3.7,6.1,1.5,0,12.5,17.4
2021-03-18,true,2771,10.864308914,2.2,3.7,6.1,1.5,0,12.5,17.4
2021-03-19,false,2227,23.980691513,0.0,3.9,7.2,0.0,0,4.6,10.3
2021-03-19,true,4405,12.463337117,0.0,3.9,7.2,0.0,0,4.6,10.3
2021-03-20,false,6500,33.629076923,-2.1,4.9,14.4,0.0,0,2.8,6.3
2021-03-20,true,6135,15.526650367,-2.1,4.9,14.4,0.0,0,2.8,6.3
2021-03-21,false,9148,42.266834281,2.8,9.9,18.3,0.0,0,4.4,8.9
2021-03-21,true,6918,17.872506505,2.8,9.9,18.3,0.0,0,4.4,8.9
2021-03-22,false,4572,36.401574803,7.8,13.6,20.0,0.0,0,4.4,9.4
2021-03-22,true,6405,14.893832943,7.8,13.6,20.0,0.0,0,4.4,9.4
2021-03-23,false,1397,22.677165354,10.0,13.8,17.8,6.1,0,4.7,10.3
2021-03-23,true,3889,11.599897146,10.0,13.8,17.8,6.1,0,4.7,10.3
2021-03-24,false,2583,25.678668215,7.8,12.9,14.4,0.3,0,6.7,13.0
2021-03-24,true,5578,12.766941556,7.8,12.9,14.4,0.3,0,6.7,13.0
2021-03-25,false,1560,20.759615385,3.3,8.3,10.0,4.6,0,5.2,12.5
2021-03-25,true,4484,11.466101695,3.3,8.3,10.0,4.6,0,5.2,12.5
2021-03-26,false,1830,24.328961749,1.7,4.1,7.2,0.0,0,2.9,9.4
2021-03-26,true,4401,11.779822768,1.7,4.1,7.2,0.0,0,2.9,9.4
2021-03-27,false,6297,32.147212959,2.2,8.4,18.9,0.0,0,4.3,8.9
2021-03-27,true,6402,15.480162449,2.2,8.4,18.9,0.0,0,4.3,8.9
2021-03-28,false,3243,30.916435399,1.7,8.7,10.6,0.0,0,7.0,13.0
2021-03-28,true,4117,14.471945591,1.7,8.7,10.6,0.0,0,7.0,13.0
2021-03-29,false,3220,32.03447205,-0.5,6.4,16.7,0.0,0,6.7,12.1
2021-03-29,true,5666,13.863748676,-0.5,6.4,16.7,0.0,0,6.7,12.1
2021-03-30,false,3506,33.301768397,6.7,13.8,20.0,0.0,0,7.6,13.0
2021-03-30,true,6262,13.532737145,6.7,13.8,20.0,0.0,0,7.6,13.0
2021-03-31,false,1762,22.514188422,0.0,5.6,6.7,0.0,0,6.3,9.8
2021-03-31,true,4686,11.961160905,0.0,5.6,6.7,0.0,0,6.3,9.8
2021-04-01,false,1540,22.293506494,-4.3,0.8,4.4,0.0,0,5.2,9.4
2021-04-01,true,4044,11.627349159,-4.3,0.8,4.4,0.0,0,5.2,9.4
2021-04-02,false,3526,27.995745888,-3.2,2.2,10.6,0.0,0,3.9,7.6
2021-04-02,true,5655,13.385322723,-3.2,2.2,10.6,0.0,0,3.9,7.6
2021-04-03,false,10980,40.82431694,4.4,10.7,21.7,0.0,0,5.8,10.7
2021-04-03,true,8412,18.278174037,4.4,10.7,21.7,0.0,0,5.8,10.7
2021-04-04,false,9730,42.810688592,6.1,15.4,24.4,0.0,0,2.6,8.1
2021-04-04,true,7172,18.513803681,6.1,15.4,24.4,0.0,0,2.6,8.1
2021-04-05,false,4484,32.557983943,15.6,19.4,24.4,0.0,0,5.2,10.3
2021-04-05,true,6779,13.895559817,15.6,19.4,24.4,0.0,0,5.2,10.3
2021-04-06,false,7656,39.216170324,15.0,20.9,27.2,0.0,0,4.8,9.8
2021-04-06,true,9403,15.449431033,15.0,20.9,27.2,0.0,0,4.8,9.8
2021-04-07,false,6277,34.209813605,15.6,21.2,27.8,0.0,0,4.7,13.0
2021-04-07,true,8997,14.56618873,15.6,21.2,27.8,0.0,0,4.7,13.0
2021-04-08,false,1491,22.490945674,11.1,17.5,20.6,9.1,0,4.1,10.3
2021-04-08,true,3809,12.406405881,11.1,17.5,20.6,9.1,0,4.1,10.3
2021-04-09,false,5043,30.800118977,10.6,12.3,16.7,0.0,0,4.7,10.7
2021-04-09,true,7230,15.417289073,10.6,12.3,16.7,0.0,0,4.7,10.7
2021-04-10,false,2233,24.514106583,8.3,11.6,12.8,6.6,0,3.6,9.4
2021-04-10,true,3206,13.912039925,8.3,11.6,12.8,6.6,0,3.6,9.4
2021-04-11,false,5042,30.078540262,7.2,10.1,13.3,0.3,0,2.3,5.4
2021-04-11,true,5767,15.582972083,7.2,10.1,13.3,0.3,0,2.3,5.4
2021-04-12,false,3846,31.709828393,8.9,12.5,16.7,0.0,0,5.1,10.3
2021-04-12,true,7136,14.493974215,8.9,12.5,16.7,0.0,0,5.1,10.3
2021-04-13,false,3038,24.923963134,5.6,9.7,12.2,0.0,0,5.1,10.3
2021-04-13,true,6980,13.485100287,5.6,9.7,12.2,0.0,0,5.1,10.3
2021-04-14,false,2217,22.250789355,2.2,6.8,10.6,0.0,0,4.6,8.1
2021-04-14,true,6010,12.180698835,2.2,6.8,10.6,0.0,0,4.6,8.1
2021-04-15,false,2506,22.630087789,3.9,7.1,13.3,0.0,0,4.0,8.1
2021-04-15,true,6089,13.007390376,3.9,7.1,13.3,0.0,0,4.0,8.1
2021-04-16,false,4126,23.710130877,3.3,8.3,13.9,0.0,0,2.9,5.8
2021-04-16,true,6905,13.076755974,3.3,8.3,13.9,0.0,0,2.9,5.8
2021-04-17,false,6878,30.453329456,1.7,6.7,13.3,0.0,0,3.2,7.2
2021-04-17,true,7017,15.374234003,1.7,6.7,13.3,0.0,0,3.2,7.2
2021-04-18,false,6365,33.270542027,3.9,9.6,16.7,0.0,0,2.6,6.7
2021-04-18,true,6766,16.417381023,3.9,9.6,16.7,0.0,0,2.6,6.7
2021-04-19,false,1765,21.040226629,4.4,10.5,11.1,0.0,0,5.3,8.1
2021-04-19,true,4880,12.145901639,4.4,10.5,11.1,0.0,0,5.3,8.1
2021-04-20,false,1576,17.664974619,1.1,4.6,6.1,0.0,0,2.8,6.7
2021-04-20,true,4818,11.332503113,1.1,4.6,6.1,0.0,0,2.8,6.7
2021-04-21,false,1600,17.973125,0.6,3.9,10.0,0.0,0,4.0,11.2
2021-04-21,true,4911,11.832213398,0.6,3.9,10.0,0.0,0,4.0,11.2
2021-04-22,false,3613,23.852200387,0.0,5.4,15.6,0.0,0,4.1,8.1
2021-04-22,true,7075,13.582614841,0.0,5.4,15.6,0.0,0,4.1,8.1
2021-04-23,false,5257,25.394711813,6.1,11.6,16.7,0.0,0,4.7,8.9
2021-04-23,true,7988,13.61792689,6.1,11.6,16.7,0.0,0,4.7,8.9
2021-04-24,false,7317,28.905289053,6.7,13.0,17.8,0.0,0,2.2,10.3
2021-04-24,true,7565,14.804097819,6.7,13.0,17.8,0.0,0,2.2,10.3
2021-04-25,false,3732,26.068327974,3.9,7.9,8.3,0.0,0,4.9,8.1
2021-04-25,true,4997,13.871923154,3.9,7.9,8.3,0.0,0,4.9,8.1
2021-04-26,false,5719,33.966252841,4.4,11.6,26.1,0.0,0,6.8,14.3
2021-04-26,true,8471,14.810648093,4.4,11.6,26.1,0.0,0,6.8,14.3
2021-04-27,false,7795,33.655548428,10.0,22.9,30.6,0.0,0,6.4,9.8
2021-04-27,true,10164,14.774990161,10.0,22.9,30.6,0.0,0,6.4,9.8
2021-04-28,false,1679,19.076831447,7.8,11.3,10.6,1.0,0,4.1,6.7
2021-04-28,true,5029,11.91230861,7.8,11.3,10.6,1.0,0,4.1,6.7
2021-04-29,false,3056,21.877290576,8.9,11.9,21.7,1.0,0,4.3,16.1
2021-04-29,true,6678,12.880053908,8.9,11.9,21.7,1.0,0,4.3,16.1
2021-04-30,false,4627,26.026150854,5.6,11.7,13.3,0.0,0,5.3,12.5
2021-04-30,true,7500,13.471866667,5.6,11.7,13.3,0.0,0,5.3,12.5
2021-05-01,false,14001,37.048853653,5.6,13.3,29.4,0.0,0,7.7,15.7
2021-05-01,true,10016,16.337460064,5.6,13.3,29.4,0.0,0,7.7,15.7
2021-05-02,false,14699,40.765290156,17.2,23.6,29.4,0.0,0,7.2,13.0
2021-05-02,true,9651,17.8989742,17.2,23.6,29.4,0.0,0,7.2,13.0
2021-05-03,false,3462,27.983246678,14.4,18.6,22.8,1.8,0,3.9,7.6
2021-05-03,true,6197,13.209617557,14.4,18.6,22.8,1.8,0,3.9,7.6
2021-05-04,false,2679,22.190369541,7.2,13.8,14.4,0.0,0,3.8,6.7
2021-05-04,true,6522,11.799754676,7.2,13.8,14.4,0.0,0,3.8,6.7
2021-05-05,false,4123,21.591559544,5.0,10.7,16.1,0.0,0,4.1,9.4
2021-05-05,true,8307,13.356687131,5.0,10.7,16.1,0.0,0,4.1,9.4
2021-05-06,false,3061,23.105194381,6.7,9.6,13.3,1.5,0,3.4,7.6
2021-05-06,true,6355,12.513926042,6.7,9.6,13.3,1.5,0,3.4,7.6
2021-05-07,false,5365,23.210997204,3.9,10.1,15.6,0.0,0,4.4,10.3
2021-05-07,true,7931,12.93481276,3.9,10.1,15.6,0.0,0,4.4,10.3
2021-05-08,false,7585,28.013843111,2.8,7.2,12.2,2.5,0,3.0,6.7
2021-05-08,true,7402,14.627398001,2.8,7.2,12.2,2.5,0,3.0,6.7
2021-05-09,false,3121,26.775072092,4.4,7.8,13.9,3.0,0,5.5,10.3
2021-05-09,true,4094,14.111871031,4.4,7.8,13.9,3.0,0,5.5,10.3
2021-05-10,false,2938,22.916269571,3.9,7.9,11.1,0.0,0,4.1,7.6
2021-05-10,true,6297,11.648245196,3.9,7.9,11.1,0.0,0,4.1,7.6
2021-05-11,false,3492,22.600515464,2.2,7.9,13.3,0.0,0,3.1,9.4
2021-05-11,true,7451,12.436719903,2.2,7.9,13.3,0.0,0,3.1,9.4
2021-05-12,false,4472,24.353533095,2.8,9.9,16.7,0.0,0,2.6,6.3
2021-05-12,true,8786,12.562713408,2.8,9.9,16.7,0.0,0,2.6,6.3
2021-05-13,false,6511,26.289970819,5.0,13.0,21.1,0.0,0,2.2,6.3
2021-05-13,true,9817,13.586941021,5.0,13.0,21.1,0.0,0,2.2,6.3
2021-05-14,false,9599,28.977393478,8.9,15.7,21.7,0.0,0,3.0,8.9
2021-05-14,true,10564,14.069197274,8.9,15.7,21.7,0.0,0,3.0,8.9
2021-05-15,false,8330,28.256662665,12.8,14.8,16.7,0.3,0,3.2,8.1
2021-05-15,true,6932,14.1550779,12.8,14.8,16.7,0.3,0,3.2,8.1
2021-05-16,false,13582,36.371889265,12.8,16.5,22.2,0.0,0,1.7,5.4
2021-05-16,true,9581,16.537835299,12.8,16.5,22.2,0.0,0,1.7,5.4
2021-05-17,false,5906,27.281916695,13.3,17.5,21.1,0.0,0,3.4,6.7
2021-05-17,true,9069,13.234866027,13.3,17.5,21.1,0.0,0,3.4,6.7
2021-05-18,false,4544,25.194102113,14.4,18.4,24.4,1.8,0,4.4,9.4
2021-05-18,true,7949,12.138130582,14.4,18.4,24.4,1.8,0,4.4,9.4
2021-05-19,false,5843,25.91408523,18.3,20.4,23.9,1.0,0,4.9,9.4
2021-05-19,true,9968,13.566613162,18.3,20.4,23.9,1.0,0,4.9,9.4
2021-05-20,false,8949,30.808358476,18.9,23.4,30.0,0.0,0,4.8,9.4
2021-05-20,true,11261,14.005949738,18.9,23.4,30.0,0.0,0,4.8,9.4
2021-05-21,false,12486,31.571199744,20.6,25.2,30.0,0.0,0,3.8,9.4
2021-05-21,true,12007,14.271758141,20.6,25.2,30.0,0.0,0,3.8,9.4
2021-05-22,false,21694,36.19507698,21.1,25.3,31.1,0.0,0,3.4,7.2
2021-05-22,true,12648,17.101043643,21.1,25.3,31.1,0.0,0,3.4,7.2
2021-05-23,false,12367,35.087571764,13.3,24.1,27.8,0.5,0,3.4,6.7
2021-05-23,true,8837,16.097657576,13.3,24.1,27.8,0.5,0,3.4,6.7
2021-05-24,false,8768,32.589758212,13.3,20.3,32.2,0.0,0,3.3,7.2
2021-05-24,true,10835,13.901892017,13.3,20.3,32.2,0.0,0,3.3,7.2
2021-05-25,false,7609,28.647522671,20.0,26.1,29.4,0.8,0,6.0,11.2
2021-05-25,true,10991,13.071331089,20.0,26.1,29.4,0.8,0,6.0,11.2
2021-05-26,false,8381,29.418565804,13.3,22.7,27.8,18.8,0,5.2,9.8
2021-05-26,true,11755,13.83717567,13.3,22.7,27.8,18.8,0,5.2,9.8
2021-05-27,false,3964,18.683905146,9.4,14.1,15.0,0.8,0,7.9,12.5
2021-05-27,true,7683,11.815566836,9.4,14.1,15.0,0.8,0,7.9,12.5
2021-05-28,false,2539,17.51988972,6.7,9.0,9.4,12.7,0,8.7,14.3
2021-05-28,true,4654,11.154275892,6.7,9.0,9.4,12.7,0,8.7,14.3
2021-05-29,false,12663,32.372028745,7.2,10.8,15.6,0.0,0,5.6,10.7
2021-05-29,true,8767,15.585262918,7.2,10.8,15.6,0.0,0,5.6,10.7
2021-05-30,false,17401,36.498017355,5.6,13.2,20.6,0.0,0,2.2,6.3
2021-05-30,true,9089,16.577401254,5.6,13.2,20.6,0.0,0,2.2,6.3
2021-05-31,false,12804,36.659012808,12.2,17.1,21.1,0.0,0,3.2,7.6
2021-05-31,true,8447,16.678820883,12.2,17.1,21.1,0.0,0,3.2,7.6
2021-06-01,false,8347,30.534323709,10.0,17.3,25.0,0.0,0,1.9,5.8
2021-06-01,true,10828,14.248614703,10.0,17.3,25.0,0.0,0,1.9,5.8
2021-06-02,false,8090,27.320519159,12.8,19.6,25.6,0.0,0,2.6,6.3
2021-06-02,true,11855,13.620835091,12.8,19.6,25.6,0.0,0,2.6,6.3
2021-06-03,false,10589,30.163188214,13.3,21.5,30.6,0.0,0,2.4,6.7
2021-06-03,true,12591,14.163847192,13.3,21.5,30.6,0.0,0,2.4,6.7
2021-06-04,false,12877,31.204861381,21.7,26.6,32.8,0.0,0,4.9,9.8
2021-06-04,true,12540,14.473923445,21.7,26.6,32.8,0.0,0,4.9,9.8
2021-06-05,false,22681,33.061990212,20.6,27.0,33.3,0.0,0,5.5,9.4
2021-06-05,true,13306,15.837065985,20.6,27.0,33.3,0.0,0,5.5,9.4
2021-06-06,false,17431,34.19430899,22.2,27.5,31.7,0.0,0,5.1,9.8
2021-06-06,true,11108,16.190763414,22.2,27.5,31.7,0.0,0,5.1,9.8
2021-06-07,false,7523,28.48717267,21.7,25.3,26.7,0.0,0,3.0,6.3
2021-06-07,true,9884,13.159247268,21.7,25.3,26.7,0.0,0,3.0,6.3
2021-06-08,false,9580,29.829018789,21.7,25.3,32.8,0.3,0,1.9,4.0
2021-06-08,true,12711,13.94107466,21.7,25.3,32.8,0.3,0,1.9,4.0
2021-06-09,false,10832,28.48245938,21.1,26.6,31.7,0.0,0,2.6,7.2
2021-06-09,true,13622,13.948832771,21.1,26.6,31.7,0.0,0,2.6,7.2
2021-06-10,false,11818,27.796919953,18.9,25.2,32.2,0.0,0,2.6,5.8
2021-06-10,true,13382,13.968390375,18.9,25.2,32.2,0.0,0,2.6,5.8
2021-06-11,false,15837,28.502241586,21.7,27.3,33.3,0.0,0,1.9,6.7
2021-06-11,true,13515,13.899075102,21.7,27.3,33.3,0.0,0,1.9,6.7
2021-06-12,false,21394,29.736982331,20.0,26.6,33.9,38.1,0,2.3,13.9
2021-06-12,true,12543,15.806665072,20.0,26.6,33.9,38.1,0,2.3,13.9
2021-06-13,false,21467,33.678902502,18.9,25.5,30.6,0.0,0,3.2,5.8
2021-06-13,true,12685,16.732834056,18.9,25.5,30.6,0.0,0,3.2,5.8
2021-06-14,false,10928,30.055728404,18.3,24.1,28.3,0.0,0,5.2,10.3
2021-06-14,true,12048,13.923555777,18.3,24.1,28.3,0.0,0,5.2,10.3
2021-06-15,false,10705,27.375058384,15.0,21.4,25.0,0.0,0,4.3,8.9
2021-06-15,true,13087,13.490257507,15.0,21.4,25.0,0.0,0,4.3,8.9
2021-06-16,false,11349,27.667195348,13.3,19.5,25.0,0.0,0,3.1,6.7
2021-06-16,true,13852,13.672610453,13.3,19.5,25.0,0.0,0,3.1,6.7
2021-06-17,false,12371,26.442243958,14.4,21.9,31.1,1.0,0,3.6,8.1
2021-06-17,true,13509,13.616848027,14.4,21.9,31.1,1.0,0,3.6,8.1
2021-06-18,false,15026,27.99747105,19.4,27.2,32.2,5.3,0,3.8,15.7
2021-06-18,true,12601,14.137846203,19.4,27.2,32.2,5.3,0,3.8,15.7
2021-06-19,false,22395,31.679615986,17.8,26.4,32.2,0.0,0,4.8,9.8
2021-06-19,true,13305,15.998571965,17.8,26.4,32.2,0.0,0,4.8,9.8
2021-06-20,false,12323,31.954718818,16.7,22.4,27.8,47.0,0,2.8,13.4
2021-06-20,true,8479,15.197900696,16.7,22.4,27.8,47.0,0,2.8,13.4
2021-06-21,false,9431,27.123210688,13.3,21.0,22.2,0.0,0,5.5,11.2
2021-06-21,true,11765,12.851848704,13.3,21.0,22.2,0.0,0,5.5,11.2
2021-06-22,false,11438,26.695838433,12.2,17.2,22.8,0.0,0,3.4,8.1
2021-06-22,true,13679,13.559032093,12.2,17.2,22.8,0.0,0,3.4,8.1
2021-06-23,false,10302,25.076392933,17.2,20.5,26.1,0.5,0,6.4,11.2
2021-06-23,true,13202,13.001514922,17.2,20.5,26.1,0.5,0,6.4,11.2
2021-06-24,false,5975,23.875648536,20.0,22.2,24.4,11.7,0,4.5,11.2
2021-06-24,true,9071,11.941792526,20.0,22.2,24.4,11.7,0,4.5,11.2
2021-06-25,false,8161,25.977821345,21.1,22.2,25.0,33.3,0,4.1,9.8
2021-06-25,true,8370,14.124014337,21.1,22.2,25.0,33.3,0,4.1,9.8
2021-06-26,false,7952,25.492328974,21.1,23.9,27.8,16.0,0,4.6,8.1
2021-06-26,true,6462,13.744815846,21.1,23.9,27.8,16.0,0,4.6,8.1
2021-06-27,false,16502,31.458853472,20.0,24.7,28.3,0.0,0,5.3,11.2
2021-06-27,true,11646,16.251674395,20.0,24.7,28.3,0.0,0,5.3,11.2
2021-06-28,false,6617,24.873356506,18.9,22.2,27.8,4.3,0,2.6,6.3
2021-06-28,true,9441,12.527168732,18.9,22.2,27.8,4.3,0,2.6,6.3
2021-06-29,false,7200,24.36375,22.2,24.6,28.9,7.4,0,3.3,7.2
2021-06-29,true,10255,12.957679181,22.2,24.6,28.9,7.4,0,3.3,7.2
2021-06-30,false,7281,23.615986815,21.1,24.9,28.3,7.4,0,2.6,10.7
2021-06-30,true,11270,12.966104703,21.1,24.9,28.3,7.4,0,2.6,10.7
2021-07-01,false,11188,25.406775116,15.0,21.8,24.4,0.0,0,6.0,10.7
2021-07-01,true,13142,13.482651042,15.0,21.8,24.4,0.0,0,6.0,10.7
2021-07-02,false,13581,26.628525145,13.9,18.2,22.8,0.0,0,3.0,5.8
2021-07-02,true,12717,13.526853818,13.9,18.2,22.8,0.0,0,3.0,5.8
2021-07-03,false,21284,32.221903777,15.0,21.3,30.0,0.0,0,4.0,7.2
2021-07-03,true,11170,16.341808415,15.0,21.3,30.0,0.0,0,4.0,7.2
2021-07-04,false,22887,34.035784506,21.1,26.2,31.7,0.0,0,3.2,6.7
2021-07-04,true,9809,16.969008054,21.1,26.2,31.7,0.0,0,3.2,6.7
2021-07-05,false,16617,32.825720648,22.8,27.6,32.8,0.0,0,5.5,10.3
2021-07-05,true,10103,15.77669999,22.8,27.6,32.8,0.0,0,5.5,10.3
2021-07-06,false,11353,26.677265921,25.0,28.6,32.8,0.0,0,4.5,7.6
2021-07-06,true,11880,13.215151515,25.0,28.6,32.8,0.0,0,4.5,7.6
2021-07-07,false,10496,24.582698171,19.4,26.9,31.7,0.0,0,3.9,10.7
2021-07-07,true,12157,12.925721806,19.4,26.9,31.7,0.0,0,3.9,10.7
2021-07-08,false,10378,22.573328194,16.1,19.3,20.0,0.0,0,3.5,6.3
2021-07-08,true,12210,12.926617527,16.1,19.3,20.0,0.0,0,3.5,6.3
2021-07-09,false,15832,27.446690248,15.0,19.1,24.4,0.0,0,3.4,6.3
2021-07-09,true,13254,13.927719934,15.0,19.1,24.4,0.0,0,3.4,6.3
2021-07-10,false,15022,27.061310079,17.2,20.7,24.4,2.8,0,4.4,8.1
2021-07-10,true,9617,14.694083394,17.2,20.7,24.4,2.8,0,4.4,8.1
2021-07-11,false,7109,22.634688423,18.9,19.9,21.7,2.3,0,5.9,9.8
2021-07-11,true,5905,13.603048264,18.9,19.9,21.7,2.3,0,5.9,9.8
2021-07-12,false,8723,26.376590622,19.4,20.9,23.3,1.0,0,3.8,5.8
2021-07-12,true,11030,12.302085222,19.4,20.9,23.3,1.0,0,3.8,5.8
2021-07-13,false,9991,25.206285657,20.0,21.7,26.7,0.0,0,2.5,5.8
2021-07-13,true,12566,12.626372752,20.0,21.7,26.7,0.0,0,2.5,5.8
2021-07-14,false,11603,25.380505042,20.6,24.6,28.9,0.0,0,4.5,8.1
2021-07-14,true,13521,13.059906812,20.6,24.6,28.9,0.0,0,4.5,8.1
2021-07-15,false,9339,22.293179141,18.9,24.1,26.1,28.4,0,4.5,9.4
2021-07-15,true,11192,12.343906362,18.9,24.1,26.1,28.4,0,4.5,9.4
2021-07-16,false,11671,23.625996059,18.3,20.5,22.8,1.0,0,5.2,8.1
2021-07-16,true,11969,12.809340797,18.3,20.5,22.8,1.0,0,5.2,8.1
2021-07-17,false,23207,29.89395441,17.8,21.4,25.0,0.0,0,4.9,8.9
2021-07-17,true,13537,15.278200488,17.8,21.4,25.0,0.0,0,4.9,8.9
2021-07-18,false,19783,30.953091038,17.2,22.6,27.8,0.0,0,3.6,6.3
2021-07-18,true,11694,15.984350949,17.2,22.6,27.8,0.0,0,3.6,6.3
2021-07-19,false,11264,28.017223011,17.8,23.0,29.4,0.0,0,2.4,6.3
2021-07-19,true,12238,13.433404151,17.8,23.0,29.4,0.0,0,2.4,6.3
2021-07-20,false,12131,24.992251257,19.4,24.6,31.1,0.0,0,4.2,8.1
2021-07-20,true,13717,13.041335569,19.4,24.6,31.1,0.0,0,4.2,8.1
2021-07-21,false,11318,24.033133062,18.3,20.9,23.9,0.0,0,4.0,6.7
2021-07-21,true,13737,13.159860231,18.3,20.9,23.9,0.0,0,4.0,6.7
2021-07-22,false,11859,24.990724344,17.8,22.3,30.0,0.0,0,2.0,5.4
2021-07-22,true,13840,13.028251445,17.8,22.3,30.0,0.0,0,2.0,5.4
2021-07-23,false,13520,25.134245562,23.3,26.9,31.7,0.0,0,3.4,6.3
2021-07-23,true,12271,13.369163067,23.3,26.9,31.7,0.0,0,3.4,6.3
2021-07-24,false,19651,28.516665819,23.9,27.8,33.3,3.0,0,3.9,14.3
2021-07-24,true,11480,14.761236934,23.9,27.8,33.3,3.0,0,3.9,14.3
2021-07-25,false,18848,29.732120119,22.2,27.5,32.2,0.0,0,2.6,7.2
2021-07-25,true,11533,15.516604526,22.2,27.5,32.2,0.0,0,2.6,7.2
2021-07-26,false,10957,26.92972529,21.1,27.6,34.4,0.0,0,1.8,5.4
2021-07-26,true,12291,13.058660809,21.1,27.6,34.4,0.0,0,1.8,5.4
2021-07-27,false,11268,25.189119631,21.7,26.8,30.6,0.0,0,3.1,7.6
2021-07-27,true,13388,13.020764864,21.7,26.8,30.6,0.0,0,3.1,7.6
2021-07-28,false,12466,24.068265683,21.1,27.2,31.1,5.3,0,3.6,9.4
2021-07-28,true,13320,12.992417417,21.1,27.2,31.1,5.3,0,3.6,9.4
2021-07-29,false,13212,24.313048744,20.6,27.6,31.7,4.3,0,6.1,14.8
2021-07-29,true,12973,13.524319741,20.6,27.6,31.7,4.3,0,6.1,14.8
2021-07-30,false,16259,24.824404945,18.3,21.3,22.8,0.0,0,4.9,10.3
2021-07-30,true,12901,13.159987598,18.3,21.3,22.8,0.0,0,4.9,10.3
2021-07-31,false,22546,29.360950945,16.1,20.8,26.7,0.0,0,2.6,6.7
2021-07-31,true,12625,15.774257426,16.1,20.8,26.7,0.0,0,2.6,6.7
2021-08-01,false,18691,29.180889198,16.7,22.1,24.4,0.0,0,4.8,8.1
2021-08-01,true,10878,15.437764295,16.7,22.1,24.4,0.0,0,4.8,8.1
2021-08-02,false,11050,27.01239819,15.6,20.4,25.6,0.0,0,2.2,5.8
2021-08-02,true,11887,13.417010179,15.6,20.4,25.6,0.0,0,2.2,5.8
2021-08-03,false,11254,26.350986316,16.7,22.0,28.3,0.0,0,1.8,5.8
2021-08-03,true,13147,13.074085343,16.7,22.0,28.3,0.0,0,1.8,5.8
2021-08-04,false,11391,24.868404881,17.8,23.8,29.4,0.0,0,1.5,6.3
2021-08-04,true,13469,13.142772292,17.8,23.8,29.4,0.0,0,1.5,6.3
2021-08-05,false,12369,24.871533673,18.9,24.4,30.6,0.0,0,3.5,7.2
2021-08-05,true,13495,13.232308262,18.9,24.4,30.6,0.0,0,3.5,7.2
2021-08-06,false,14163,25.633128574,18.9,25.0,28.3,4.8,0,4.6,13.4
2021-08-06,true,12309,13.191973353,18.9,25.0,28.3,4.8,0,4.6,13.4
2021-08-07,false,22415,28.27374526,19.4,24.6,31.7,0.0,0,3.4,5.8
2021-08-07,true,12645,15.655120601,19.4,24.6,31.7,0.0,0,3.4,5.8
2021-08-08,false,16578,28.709253227,21.7,28.2,33.3,0.8,0,5.3,13.4
2021-08-08,true,10494,15.368400991,21.7,28.2,33.3,0.8,0,5.3,13.4
2021-08-09,false,7441,22.630560409,21.1,23.7,28.3,16.3,0,4.5,9.4
2021-08-09,true,9390,11.984984026,21.1,23.7,28.3,16.3,0,4.5,9.4
2021-08-10,false,8825,23.208498584,21.1,27.2,33.9,9.7,0,3.8,16.1
2021-08-10,true,11446,12.512056614,21.1,27.2,33.9,9.7,0,3.8,16.1
2021-08-11,false,8878,22.034805136,22.2,25.4,31.1,2.3,0,6.0,14.8
2021-08-11,true,12035,12.922476111,22.2,25.4,31.1,2.3,0,6.0,14.8
2021-08-12,false,10813,23.770646444,22.2,26.7,29.4,0.0,0,4.3,12.5
2021-08-12,true,12894,12.745773228,22.2,26.7,29.4,0.0,0,4.3,12.5
2021-08-13,false,14517,25.35544534,21.1,24.4,28.9,0.0,0,2.9,5.8
2021-08-13,true,13770,13.538271605,21.1,24.4,28.9,0.0,0,2.9,5.8
2021-08-14,false,22722,29.209928703,16.7,22.7,26.7,0.0,0,2.9,5.8
2021-08-14,true,14093,16.327325623,16.7,22.7,26.7,0.0,0,2.9,5.8
2021-08-15,false,18750,30.212533333,15.6,21.4,26.7,0.0,0,2.8,6.7
2021-08-15,true,12182,16.237235265,15.6,21.4,26.7,0.0,0,2.8,6.7
2021-08-16,false,10613,26.253839631,17.2,22.4,26.7,0.0,0,2.6,6.7
2021-08-16,true,12516,13.274768297,17.2,22.4,26.7,0.0,0,2.6,6.7
2021-08-17,false,10741,23.973745461,18.9,23.4,28.9,0.0,0,2.3,5.8
2021-08-17,true,13789,12.973602147,18.9,23.4,28.9,0.0,0,2.3,5.8
2021-08-18,false,10956,24.11683096,21.1,25.1,30.0,0.0,0,3.0,6.3
2021-08-18,true,13870,13.034967556,21.1,25.1,30.0,0.0,0,3.0,6.3
2021-08-19,false,11482,23.558961853,22.2,26.2,31.1,0.0,0,2.6,6.7
2021-08-19,true,13325,12.725403377,22.2,26.2,31.1,0.0,0,2.6,6.7
2021-08-20,false,14958,24.978874181,21.1,26.6,32.8,0.0,0,2.4,6.3
2021-08-20,true,12939,13.406059201,21.1,26.6,32.8,0.0,0,2.4,6.3
2021-08-21,false,19325,27.549081501,22.8,26.5,31.1,15.2,0,3.7,9.8
2021-08-21,true,11565,15.259835711,22.8,26.5,31.1,15.2,0,3.7,9.8
2021-08-22,false,18227,31.428759533,21.1,24.6,28.3,0.0,0,3.9,7.2
2021-08-22,true,11576,16.302954388,21.1,24.6,28.3,0.0,0,3.9,7.2
2021-08-23,false,10569,26.624846248,19.4,23.9,30.6,0.0,0,2.6,6.3
2021-08-23,true,12669,12.860052096,19.4,23.9,30.6,0.0,0,2.6,6.3
2021-08-24,false,6708,22.148479428,22.2,28.1,35.0,48.5,0,3.8,17.4
2021-08-24,true,10526,11.197035911,22.2,28.1,35.0,48.5,0,3.8,17.4
2021-08-25,false,8274,21.095358956,21.7,25.9,34.4,9.9,0,2.9,9.8
2021-08-25,true,12034,11.970167858,21.7,25.9,34.4,9.9,0,2.9,9.8
2021-08-26,false,11693,23.873770632,21.1,25.2,32.2,0.0,0,2.4,5.8
2021-08-26,true,14143,12.762497349,21.1,25.2,32.2,0.0,0,2.4,5.8
2021-08-27,false,13971,23.435473481,22.8,27.1,32.8,0.0,0,2.7,6.3
2021-08-27,true,13339,13.071744509,22.8,27.1,32.8,0.0,0,2.7,6.3
2021-08-28,false,18124,27.004965791,24.4,28.7,33.3,0.0,0,3.8,7.6
2021-08-28,true,12165,14.829593095,24.4,28.7,33.3,0.0,0,3.8,7.6
2021-08-29,false,12919,27.442139484,22.2,27.5,31.7,7.1,0,4.7,10.3
2021-08-29,true,10310,14.358389913,22.2,27.5,31.7,7.1,0,4.7,10.3
2021-08-30,false,9483,24.012548771,19.4,24.6,29.4,0.0,0,2.1,6.7
2021-08-30,true,12692,12.668373779,19.4,24.6,29.4,0.0,0,2.1,6.7
2021-08-31,false,9163,20.776383281,18.9,23.7,27.8,0.0,0,3.6,9.4
2021-08-31,true,13773,12.401074566,18.9,23.7,27.8,0.0,0,3.6,9.4
2021-09-01,false,10198,21.696999412,17.2,22.9,24.4,0.0,0,5.4,9.4
2021-09-01,true,14476,12.813346228,17.2,22.9,24.4,0.0,0,5.4,9.4
2021-09-02,false,10840,22.691420664,16.7,20.8,25.6,0.0,0,2.6,6.7
2021-09-02,true,13770,12.648002905,16.7,20.8,25.6,0.0,0,2.6,6.7
2021-09-03,false,11763,23.296437984,17.8,20.9,23.9,0.3,0,3.1,5.4
2021-09-03,true,11891,12.905895215,17.8,20.9,23.9,0.3,0,3.1,5.4
2021-09-04,false,16922,28.595910649,17.2,21.2,22.8,0.0,0,3.8,7.6
2021-09-04,true,10528,14.588715805,17.2,21.2,22.8,0.0,0,3.8,7.6
2021-09-05,false,21369,32.995928682,15.6,20.8,27.8,0.0,0,3.7,8.9
2021-09-05,true,10979,16.702340832,15.6,20.8,27.8,0.0,0,3.7,8.9
2021-09-06,false,17728,32.190320397,16.1,22.2,27.8,0.0,0,2.2,6.3
2021-09-06,true,10882,16.317680573,16.1,22.2,27.8,0.0,0,2.2,6.3
2021-09-07,false,7628,20.946906135,18.3,22.4,31.1,0.0,0,4.7,11.6
2021-09-07,true,11513,11.889255624,18.3,22.4,31.1,0.0,0,4.7,11.6
2021-09-08,false,9679,22.106519269,15.0,20.9,26.1,0.0,0,4.7,9.8
2021-09-08,true,14427,12.891037638,15.0,20.9,26.1,0.0,0,4.7,9.8
2021-09-09,false,10397,21.71280177,14.4,19.4,25.0,0.0,0,2.5,5.8
2021-09-09,true,14451,12.585011418,14.4,19.4,25.0,0.0,0,2.5,5.8
2021-09-10,false,12635,23.072180451,15.0,20.3,26.7,0.0,0,2.6,6.7
2021-09-10,true,13928,13.433156232,15.0,20.3,26.7,0.0,0,2.6,6.7
2021-09-11,false,19268,27.947270085,18.3,23.1,30.6,0.0,0,3.9,8.1
2021-09-11,true,13016,14.599877074,18.3,23.1,30.6,0.0,0,3.9,8.1
2021-09-12,false,14929,27.91526559,20.0,26.0,30.6,0.0,0,4.7,9.4
2021-09-12,true,11556,14.509345794,20.0,26.0,30.6,0.0,0,4.7,9.4
2021-09-13,false,8815,24.265002836,20.0,23.7,31.1,0.0,0,2.7,7.2
2021-09-13,true,12750,12.47372549,20.0,23.7,31.1,0.0,0,2.7,7.2
2021-09-14,false,8940,21.300671141,18.9,25.1,30.0,0.0,0,6.0,10.3
2021-09-14,true,14095,12.286058886,18.9,25.1,30.0,0.0,0,6.0,10.3
2021-09-15,false,10077,22.330653964,15.0,20.2,26.1,0.0,0,2.6,6.7
2021-09-15,true,14416,12.526983907,15.0,20.2,26.1,0.0,0,2.6,6.7
2021-09-16,false,12048,22.848190571,13.9,20.4,27.8,0.0,0,2.6,6.7
2021-09-16,true,14741,13.100671596,13.9,20.4,27.8,0.0,0,2.6,6.7
2021-09-17,false,13430,24.416157856,17.8,23.8,31.7,11.4,0,3.6,8.9
2021-09-17,true,13172,13.641132706,17.8,23.8,31.7,11.4,0,3.6,8.9
2021-09-18,false,19585,28.747459791,18.9,21.9,25.0,0.0,0,4.2,7.6
2021-09-18,true,12909,15.483383686,18.9,21.9,25.0,0.0,0,4.2,7.6
2021-09-19,false,16681,28.283436245,17.8,23.1,31.7,0.0,0,2.4,6.7
2021-09-19,true,11695,15.633518598,17.8,23.1,31.7,0.0,0,2.4,6.7
2021-09-20,false,7979,21.606216318,21.1,24.3,27.8,2.0,0,5.0,11.2
2021-09-20,true,11770,12.065420561,21.1,24.3,27.8,2.0,0,5.0,11.2
2021-09-21,false,6569,19.001217841,15.6,20.6,23.9,4.3,0,5.5,9.4
2021-09-21,true,11468,11.371555633,15.6,20.6,23.9,4.3,0,5.5,9.4
2021-09-22,false,5842,17.182129408,13.3,15.4,17.2,10.2,0,7.5,12.5
2021-09-22,true,11063,11.358944229,13.3,15.4,17.2,10.2,0,7.5,12.5
2021-09-23,false,7581,18.857538583,10.6,14.4,19.4,0.0,0,4.8,8.9
2021-09-23,true,12871,11.691943128,10.6,14.4,19.4,0.0,0,4.8,8.9
2021-09-24,false,11389,21.84300641,11.1,17.1,26.1,3.0,0,5.8,11.2
2021-09-24,true,13155,13.097757507,11.1,17.1,26.1,3.0,0,5.8,11.2
2021-09-25,false,17436,25.965473733,10.0,16.3,20.6,0.0,0,4.3,8.9
2021-09-25,true,12490,14.491273018,10.0,16.3,20.6,0.0,0,4.3,8.9
2021-09-26,false,14725,28.276332767,12.2,18.9,28.3,0.0,0,5.6,11.6
2021-09-26,true,11575,14.724665227,12.2,18.9,28.3,0.0,0,5.6,11.6
2021-09-27,false,8369,23.05592066,17.2,23.0,30.6,0.0,0,5.3,9.8
2021-09-27,true,13032,12.534146716,17.2,23.0,30.6,0.0,0,5.3,9.8
2021-09-28,false,8270,20.990689238,15.6,18.8,22.8,0.0,0,4.0,6.7
2021-09-28,true,14138,12.081977649,15.6,18.8,22.8,0.0,0,4.0,6.7
2021-09-29,false,8659,20.23039612,12.8,19.4,27.8,0.0,0,2.3,5.4
2021-09-29,true,14526,12.515214099,12.8,19.4,27.8,0.0,0,2.3,5.4
2021-09-30,false,9117,20.079741143,15.0,20.4,26.7,0.0,0,2.1,6.3
2021-09-30,true,14619,12.063273822,15.0,20.4,26.7,0.0,0,2.1,6.3