DAY,IS_MEMBER,TYPE,AVG_DURATION,COUNT
2020-10-01,false,docked_bike,26.887458007,1786
2020-10-01,true,docked_bike,13.090042785,5142
2020-10-01,false,electric_bike,15.838114754,1464
2020-10-01,true,electric_bike,11.645559846,2590
2020-10-02,false,docked_bike,47.56621947,2907
2020-10-02,true,docked_bike,13.737471426,5687
2020-10-02,false,electric_bike,18.938655462,2380
2020-10-02,true,electric_bike,12.180362538,3310
2020-10-03,false,docked_bike,37.006392045,4224
2020-10-03,true,docked_bike,15.510893912,4911
2020-10-03,false,electric_bike,20.357223689,2651
2020-10-03,true,electric_bike,13.304972805,2574
2020-10-04,false,docked_bike,36.78021978,3640
2020-10-04,true,docked_bike,15.688932123,4626
2020-10-04,false,electric_bike,20.428770302,2155
2020-10-04,true,electric_bike,13.467455621,2197
2020-10-05,false,docked_bike,34.731503025,2149
2020-10-05,true,docked_bike,13.402586056,5723
2020-10-05,false,electric_bike,18.494408476,1699
2020-10-05,true,electric_bike,11.949851412,2692
2020-10-06,false,docked_bike,42.82486631,2992
2020-10-06,true,docked_bike,14.273582296,7230
2020-10-06,false,electric_bike,20.295975768,2311
2020-10-06,true,electric_bike,12.613474076,3221
2020-10-07,false,docked_bike,37.397665581,3684
2020-10-07,true,docked_bike,14.46701813,7777
2020-10-07,false,electric_bike,19.224742268,2425
2020-10-07,true,electric_bike,13.219257896,3261
2020-10-08,false,docked_bike,32.834771068,3014
2020-10-08,true,docked_bike,14.08483965,6860
2020-10-08,false,electric_bike,18.558053815,2713
2020-10-08,true,electric_bike,12.375986471,3548
2020-10-09,false,docked_bike,37.19374425,5435
2020-10-09,true,docked_bike,17.222508475,7375
2020-10-09,false,electric_bike,23.356114166,3819
2020-10-09,true,electric_bike,13.915706806,3820
2020-10-10,false,docked_bike,45.927916853,8948
2020-10-10,true,docked_bike,16.547247329,7302
2020-10-10,false,electric_bike,27.45227859,4652
2020-10-10,true,electric_bike,15.25739645,3380
2020-10-11,false,docked_bike,43.030956988,6719
2020-10-11,true,docked_bike,16.463952366,6214
2020-10-11,false,electric_bike,26.145909474,3557
2020-10-11,true,electric_bike,14.752031084,2831
2020-10-12,false,docked_bike,34.149934811,1534
2020-10-12,true,docked_bike,12.693195197,4247
2020-10-12,false,electric_bike,17.334938102,1454
2020-10-12,true,electric_bike,11.416377816,2308
2020-10-13,false,docked_bike,32.766275347,2811
2020-10-13,true,docked_bike,14.229773463,6798
2020-10-13,false,electric_bike,19.806708595,2385
2020-10-13,true,electric_bike,12.460554371,3283
2020-10-14,false,docked_bike,32.032398981,2747
2020-10-14,true,docked_bike,13.946385542,6640
2020-10-14,false,electric_bike,18.940563991,2305
2020-10-14,true,electric_bike,12.960538117,3345
2020-10-15,false,docked_bike,27.27756654,1841
2020-10-15,true,docked_bike,13.106825487,5289
2020-10-15,false,electric_bike,15.818226845,2019
2020-10-15,true,electric_bike,11.450850662,3174
2020-10-16,false,docked_bike,61.258364312,2152
2020-10-16,true,docked_bike,26.154458951,4519
2020-10-16,false,electric_bike,18.636363636,1980
2020-10-16,true,electric_bike,12.092198582,2961
2020-10-17,false,docked_bike,43.380188439,3927
2020-10-17,true,docked_bike,15.116583823,4426
2020-10-17,false,electric_bike,21.43747938,3031
2020-10-17,true,electric_bike,12.446185998,2871
2020-10-18,false,docked_bike,40.848739496,833
2020-10-18,true,docked_bike,13.563034188,1872
2020-10-18,false,electric_bike,16.615232443,1011
2020-10-18,true,electric_bike,10.963829787,1410
2020-10-19,false,docked_bike,33.785450062,811
2020-10-19,true,docked_bike,12.37397882,3305
2020-10-19,false,electric_bike,16.933266932,1004
2020-10-19,true,electric_bike,10.595964126,2230
2020-10-20,false,docked_bike,51.849301397,1002
2020-10-20,true,docked_bike,12.48478313,4173
2020-10-20,false,electric_bike,13.797939778,1262
2020-10-20,true,electric_bike,10.481592787,2662
2020-10-21,false,docked_bike,27.594081942,1318
2020-10-21,true,docked_bike,15.234823936,4629
2020-10-21,false,electric_bike,16.552612742,1397
2020-10-21,true,electric_bike,10.897250362,2764
2020-10-22,false,docked_bike,38.27711419,2093
2020-10-22,true,docked_bike,14.407163054,5305
2020-10-22,false,electric_bike,21.060851064,2350
2020-10-22,true,electric_bike,12.642610606,3187
2020-10-23,false,docked_bike,28.310575636,747
2020-10-23,true,docked_bike,11.334507042,2840
2020-10-23,false,electric_bike,14.720524017,1145
2020-10-23,true,electric_bike,10.516397229,2165
2020-10-24,false,docked_bike,36.103716814,2825
2020-10-24,true,docked_bike,14.696003806,4204
2020-10-24,false,electric_bike,20.559883962,2413
2020-10-24,true,electric_bike,13.463334549,2741
2020-10-25,false,docked_bike,41.793378296,1631
2020-10-25,true,docked_bike,13.660045588,3071
2020-10-25,false,electric_bike,18.714018692,1605
2020-10-25,true,electric_bike,11.531414868,2085
2020-10-26,false,docked_bike,20.99249531,533
2020-10-26,true,docked_bike,12.32160155,3097
2020-10-26,false,electric_bike,12.88375,800
2020-10-26,true,electric_bike,9.896433806,2047
2020-10-27,false,docked_bike,30.818371608,479
2020-10-27,true,docked_bike,15.969603825,2928
2020-10-27,false,electric_bike,14.624324324,740
2020-10-27,true,electric_bike,10.048142334,1911
2020-10-28,false,docked_bike,35.306066176,1088
2020-10-28,true,docked_bike,12.877358491,4452
2020-10-28,false,electric_bike,14.983333333,1320
2020-10-28,true,electric_bike,10.922784329,2629
2020-10-29,false,docked_bike,22.35704698,745
2020-10-29,true,docked_bike,12.299397763,3487
2020-10-29,false,electric_bike,12.72587532,1171
2020-10-29,true,electric_bike,10.347473968,2593
2020-10-30,false,docked_bike,26.110051993,1154
2020-10-30,true,docked_bike,12.954799391,3938
2020-10-30,false,electric_bike,15.866887417,1510
2020-10-30,true,electric_bike,11.564669973,2621
2020-10-31,false,docked_bike,38.396970764,2839
2020-10-31,true,docked_bike,15.880454141,4492
2020-10-31,false,electric_bike,21.80007734,2586
2020-10-31,true,electric_bike,12.970918705,3026
2020-11-01,false,docked_bike,45.09252669,843
2020-11-01,true,docked_bike,13.131346064,2147
2020-11-01,false,electric_bike,16.028596962,1119
2020-11-01,true,electric_bike,10.580383053,1723
2020-11-02,false,docked_bike,33.17679558,905
2020-11-02,true,docked_bike,12.468020022,3596
2020-11-02,false,electric_bike,15.21349353,1082
2020-11-02,true,electric_bike,10.181439867,2403
2020-11-03,false,docked_bike,47.28057971,1725
2020-11-03,true,docked_bike,15.006831425,4977
2020-11-03,false,electric_bike,18.418483904,1926
2020-11-03,true,electric_bike,12.254242715,3123
2020-11-04,false,docked_bike,35.348484848,1848
2020-11-04,true,docked_bike,14.368895116,4996
2020-11-04,false,electric_bike,21.057324841,1884
2020-11-04,true,electric_bike,12.442847812,3062
2020-11-05,false,docked_bike,51.548439182,1858
2020-11-05,true,docked_bike,13.893201931,4972
2020-11-05,false,electric_bike,19.563870353,2098
2020-11-05,true,electric_bike,11.817565485,3245
2020-11-06,false,docked_bike,43.888384755,3306
2020-11-06,true,docked_bike,14.62695279,5825
2020-11-06,false,electric_bike,21.404298874,2931
2020-11-06,true,electric_bike,12.721743811,3716
2020-11-07,false,docked_bike,46.271083542,7577
2020-11-07,true,docked_bike,17.902531831,6833
2020-11-07,false,electric_bike,27.17755511,4990
2020-11-07,true,electric_bike,15.888156226,3943
2020-11-08,false,docked_bike,54.310033038,5751
2020-11-08,true,docked_bike,17.495073892,5684
2020-11-08,false,electric_bike,28.013675214,3510
2020-11-08,true,electric_bike,15.685714286,3150
2020-11-09,false,docked_bike,42.772333208,2653
2020-11-09,true,docked_bike,14.126200035,5729
2020-11-09,false,electric_bike,22.122431132,2287
2020-11-09,true,electric_bike,12.623581337,3172
2020-11-10,false,docked_bike,33.769554247,1189
2020-11-10,true,docked_bike,12.494129403,4003
2020-11-10,false,electric_bike,18.715967623,1359
2020-11-10,true,electric_bike,11.131756757,2368
2020-11-11,false,docked_bike,29.882533197,979
2020-11-11,true,docked_bike,12.003130707,3833
2020-11-11,false,electric_bike,15.886212625,1204
2020-11-11,true,electric_bike,10.704772902,2598
2020-11-12,false,docked_bike,27.614018692,1070
2020-11-12,true,docked_bike,12.460665463,3877
2020-11-12,false,electric_bike,15.24865281,1299
2020-11-12,true,electric_bike,10.816771334,2707
2020-11-13,false,docked_bike,34.487437186,995
2020-11-13,true,docked_bike,12.742702377,3323
2020-11-13,false,electric_bike,15.349673203,1224
2020-11-13,true,electric_bike,10.623529412,2465
2020-11-14,false,docked_bike,41.653658537,1230
2020-11-14,true,docked_bike,12.99210734,2534
2020-11-14,false,electric_bike,18.108763693,1278
2020-11-14,true,electric_bike,11.304589007,1983
2020-11-15,false,docked_bike,86.740932642,386
2020-11-15,true,docked_bike,10.852750809,1236
2020-11-15,false,electric_bike,15.65758092,587
2020-11-15,true,electric_bike,9.994953743,1189
2020-11-16,false,docked_bike,25.220762155,761
2020-11-16,true,docked_bike,12.683183183,3330
2020-11-16,false,electric_bike,15.3198146,863
2020-11-16,true,electric_bike,11.011990408,2085
2020-11-17,false,docked_bike,25.802507837,638
2020-11-17,true,docked_bike,12.853658537,3116
2020-11-17,false,electric_bike,13.09561753,753
2020-11-17,true,electric_bike,10.662626263,1980
2020-11-18,false,docked_bike,30.652291105,742
2020-11-18,true,docked_bike,12.157423971,3354
2020-11-18,false,electric_bike,14.34973262,935
2020-11-18,true,electric_bike,11.232664234,2192
2020-11-19,false,docked_bike,32.351481185,1249
2020-11-19,true,docked_bike,13.181656504,3936
2020-11-19,false,electric_bike,17.902885292,1421
2020-11-19,true,electric_bike,11.335213537,2482
2020-11-20,false,docked_bike,37.656081081,1480
2020-11-20,true,docked_bike,14.045109212,4212
2020-11-20,false,electric_bike,18.051803279,1525
2020-11-20,true,electric_bike,12.824232762,2509
2020-11-21,false,docked_bike,34.90245614,1425
2020-11-21,true,docked_bike,14.053432642,3088
2020-11-21,false,electric_bike,18.101026046,1267
2020-11-21,true,electric_bike,12.42555332,1988
2020-11-22,false,docked_bike,38.390243902,820
2020-11-22,true,docked_bike,15.894379845,2064
2020-11-22,false,electric_bike,18.527599487,779
2020-11-22,true,electric_bike,12.184273233,1259
2020-11-23,false,docked_bike,34.725333333,750
2020-11-23,true,docked_bike,12.234646195,2996
2020-11-23,false,electric_bike,17.616455696,790
2020-11-23,true,electric_bike,11.328425821,1766
2020-11-24,false,docked_bike,41.179245283,212
2020-11-24,true,docked_bike,11.475787855,1301
2020-11-24,false,electric_bike,14.605863192,307
2020-11-24,true,electric_bike,9.761081081,925
2020-11-25,false,docked_bike,29.713017751,338
2020-11-25,true,docked_bike,14.867852605,1574
2020-11-25,false,electric_bike,14.694362018,337
2020-11-25,true,electric_bike,10.839958159,956
2020-11-26,false,docked_bike,40.905688623,668
2020-11-26,true,docked_bike,14.70890411,1460
2020-11-26,false,electric_bike,21.077669903,515
2020-11-26,true,electric_bike,12.820945946,888
2020-11-27,false,docked_bike,39.761710794,982
2020-11-27,true,docked_bike,15.436588599,2263
2020-11-27,false,electric_bike,19.881899872,779
2020-11-27,true,electric_bike,12.90228013,1228
2020-11-28,false,docked_bike,45.704307334,1718
2020-11-28,true,docked_bike,16.650344577,2757
2020-11-28,false,electric_bike,25.845206684,1137
2020-11-28,true,electric_bike,14.501639344,1525
2020-11-29,false,docked_bike,33.636986301,1022
2020-11-29,true,docked_bike,15.306068602,2274
2020-11-29,false,electric_bike,18.772609819,774
2020-11-29,true,electric_bike,12.293842557,1283
2020-11-30,false,docked_bike,19.137184116,277
2020-11-30,true,docked_bike,10.616418627,2083
2020-11-30,false,electric_bike,13.721179625,373
2020-11-30,true,electric_bike,9.523560209,1146
2020-12-01,false,docked_bike,31.969444444,360
2020-12-01,true,docked_bike,11.381486094,2409
2020-12-01,false,electric_bike,14.142493639,393
2020-12-01,true,electric_bike,9.75,1280
2020-12-02,false,classic_bike,30.75,40
2020-12-02,true,classic_bike,11.565891473,258
2020-12-02,false,docked_bike,24.397660819,513
2020-12-02,true,docked_bike,12.623405851,2666
2020-12-02,false,electric_bike,15.242774566,519
2020-12-02,true,electric_bike,10.854756718,1377
2020-12-03,false,classic_bike,24,98
2020-12-03,true,classic_bike,12.293594306,562
2020-12-03,false,docked_bike,27.542619543,481
2020-12-03,true,docked_bike,12.814265864,2159
2020-12-03,false,electric_bike,13.863397548,571
2020-12-03,true,electric_bike,11.548672566,1469
2020-12-04,false,classic_bike,21.136363636,528
2020-12-04,true,classic_bike,13.597871532,2631
2020-12-04,false,docked_bike,46.72815534,206
2020-12-04,true,docked_bike,13.021598272,463
2020-12-04,false,electric_bike,16.223404255,658
2020-12-04,true,electric_bike,11.968173138,1571
2020-12-05,false,classic_bike,23.336633663,808
2020-12-05,true,classic_bike,13.47086845,2729
2020-12-05,false,docked_bike,82.917647059,255
2020-12-05,false,electric_bike,16.453424658,730
2020-12-05,true,electric_bike,12.056280027,1457
2020-12-06,false,classic_bike,30.517316017,462
2020-12-06,true,classic_bike,13.748380668,2007
2020-12-06,false,docked_bike,55.832402235,179
2020-12-06,false,electric_bike,16.906066536,511
2020-12-06,true,electric_bike,12.043478261,1081
2020-12-07,false,classic_bike,25.215568862,334
2020-12-07,true,classic_bike,11.300548589,2552
2020-12-07,false,docked_bike,37.527777778,72
2020-12-07,false,electric_bike,15.388520971,453
2020-12-07,true,electric_bike,11.295809367,1217
2020-12-08,false,classic_bike,15.331325301,332
2020-12-08,true,classic_bike,11.714176245,2610
2020-12-08,false,docked_bike,28.558823529,68
2020-12-08,false,electric_bike,15.241293532,402
2020-12-08,true,electric_bike,10.662939297,1252
2020-12-09,false,classic_bike,26.731343284,670
2020-12-09,true,classic_bike,13.245475113,3536
2020-12-09,false,docked_bike,41.935897436,156
2020-12-09,false,electric_bike,16.672307692,650
2020-12-09,true,electric_bike,12.797565663,1561
2020-12-10,false,classic_bike,25.188405797,828
2020-12-10,true,classic_bike,14.357523471,3941
2020-12-10,false,docked_bike,45.94,250
2020-12-10,false,electric_bike,17.406950673,892
2020-12-10,true,electric_bike,12.938898972,1653
2020-12-11,false,classic_bike,18.2,265
2020-12-11,true,classic_bike,11.955533597,2024
2020-12-11,false,docked_bike,39.446153846,65
2020-12-11,false,electric_bike,14.916449086,383
2020-12-11,true,electric_bike,10.681985294,1088
2020-12-12,false,classic_bike,19.644444444,225
2020-12-12,true,classic_bike,11.719111111,1125
2020-12-12,false,docked_bike,34.428571429,70
2020-12-12,false,electric_bike,13.758064516,248
2020-12-12,true,electric_bike,10.515503876,774
2020-12-13,false,classic_bike,34.649517685,622
2020-12-13,true,classic_bike,15.887528345,2205
2020-12-13,false,docked_bike,273.278145695,151
2020-12-13,false,electric_bike,16.922256098,656
2020-12-13,true,electric_bike,12.776255708,1095
2020-12-14,false,classic_bike,20.287037037,324
2020-12-14,true,classic_bike,10.866523605,2330
2020-12-14,false,docked_bike,27.913043478,92
2020-12-14,false,electric_bike,13.285359801,403
2020-12-14,true,electric_bike,11.185796862,1211
2020-12-15,false,classic_bike,17.9125,320
2020-12-15,true,classic_bike,11.231176231,2457
2020-12-15,false,docked_bike,95.314285714,70
2020-12-15,false,electric_bike,12.70855615,374
2020-12-15,true,electric_bike,10.939153439,1134
2020-12-16,false,classic_bike,19.528455285,246
2020-12-16,true,classic_bike,11.013058764,1991
2020-12-16,false,docked_bike,51.844827586,58
2020-12-16,false,electric_bike,12.925287356,348
2020-12-16,true,electric_bike,11.290876242,1107
2020-12-17,false,classic_bike,23.97972973,296
2020-12-17,true,classic_bike,11.809862494,2109
2020-12-17,false,docked_bike,36.865671642,67
2020-12-17,false,electric_bike,14.511494253,348
2020-12-17,true,electric_bike,10.643728223,1148
2020-12-18,false,classic_bike,24.939393939,462
2020-12-18,true,classic_bike,12.536135114,2546
2020-12-18,false,docked_bike,42.788235294,85
2020-12-18,false,electric_bike,15.939922481,516
2020-12-18,true,electric_bike,11.753536858,1343
2020-12-19,false,classic_bike,29.968152866,628
2020-12-19,true,classic_bike,12.88132137,2452
2020-12-19,false,docked_bike,50.664150943,265
2020-12-19,false,electric_bike,16.914572864,597
2020-12-19,true,electric_bike,11.890957447,1128
2020-12-20,false,classic_bike,30.555752212,565
2020-12-20,true,classic_bike,13.665258712,1894
2020-12-20,false,docked_bike,77.935779817,218
2020-12-20,false,electric_bike,18.980427046,562
2020-12-20,true,electric_bike,13.295081967,1037
2020-12-21,false,classic_bike,24.905617978,445
2020-12-21,true,classic_bike,12.600694444,2304
2020-12-21,false,docked_bike,69.722972973,148
2020-12-21,false,electric_bike,16.285420945,487
2020-12-21,true,electric_bike,11.202922078,1232
2020-12-22,false,classic_bike,26.012631579,475
2020-12-22,true,classic_bike,13.220105391,2467
2020-12-22,false,docked_bike,38.985611511,139
2020-12-22,false,electric_bike,14.511827957,465
2020-12-22,true,electric_bike,11.61471519,1264
2020-12-23,false,classic_bike,26.955334988,403
2020-12-23,true,classic_bike,13.213079255,2309
2020-12-23,false,docked_bike,32.556338028,142
2020-12-23,false,electric_bike,16.574257426,505
2020-12-23,true,electric_bike,11.493705036,1112
2020-12-24,false,classic_bike,23.075268817,93
2020-12-24,true,classic_bike,11.906288533,811
2020-12-24,false,docked_bike,15.391304348,23
2020-12-24,false,electric_bike,12.25170068,147
2020-12-24,true,electric_bike,10.235074627,536
2020-12-25,false,classic_bike,41.514563107,103
2020-12-25,true,classic_bike,12.405405405,333
2020-12-25,false,docked_bike,34.816666667,60
2020-12-25,false,electric_bike,19.04950495,101
2020-12-25,true,electric_bike,12.573770492,244
2020-12-26,false,classic_bike,39.383647799,318
2020-12-26,true,classic_bike,13.876824818,1096
2020-12-26,false,docked_bike,78.636363636,132
2020-12-26,false,electric_bike,20.164609053,243
2020-12-26,true,electric_bike,12.551903114,578
2020-12-27,false,classic_bike,29.014767932,474
2020-12-27,true,classic_bike,14.379923761,1574
2020-12-27,false,docked_bike,133.549800797,251
2020-12-27,false,electric_bike,20.689903846,416
2020-12-27,true,electric_bike,13.989218329,742
2020-12-28,false,classic_bike,22.142857143,266
2020-12-28,true,classic_bike,13.975959079,1955
2020-12-28,false,docked_bike,50.503703704,135
2020-12-28,false,electric_bike,16.565982405,341
2020-12-28,true,electric_bike,11.802603037,922
2020-12-29,false,classic_bike,23.445414847,229
2020-12-29,true,classic_bike,13.464739069,1418
2020-12-29,false,docked_bike,30.670731707,82
2020-12-29,false,electric_bike,14.216814159,226
2020-12-29,true,electric_bike,11.221884498,658
2020-12-30,false,classic_bike,30.709677419,124
2020-12-30,true,classic_bike,12.123046875,1024
2020-12-30,false,docked_bike,32.825,40
2020-12-30,false,electric_bike,17.088435374,147
2020-12-30,true,electric_bike,11.099190283,494
2020-12-31,false,classic_bike,31.604255319,235
2020-12-31,true,classic_bike,12.95568263,1399
2020-12-31,false,docked_bike,117.139240506,79
2020-12-31,false,electric_bike,14.75308642,243
2020-12-31,true,electric_bike,12.857142857,721
2021-01-01,false,classic_bike,41.163265306,98
2021-01-01,true,classic_bike,12.545988258,511
2021-01-01,false,docked_bike,116.978723404,47
2021-01-01,false,electric_bike,14.929133858,127
2021-01-01,true,electric_bike,12.320754717,265
2021-01-02,false,classic_bike,25.252,250
2021-01-02,true,classic_bike,13.267111853,1198
2021-01-02,false,docked_bike,239.990990991,111
2021-01-02,false,electric_bike,16.623595506,178
2021-01-02,true,electric_bike,12.469902913,515
2021-01-03,false,classic_bike,24.920962199,291
2021-01-03,true,classic_bike,12.748012719,1258
2021-01-03,false,docked_bike,70.540540541,74
2021-01-03,false,electric_bike,15.781553398,206
2021-01-03,true,electric_bike,11.498062016,516
2021-01-04,false,classic_bike,16.995555556,225
2021-01-04,true,classic_bike,15.437053326,1819
2021-01-04,false,docked_bike,39.936170213,47
2021-01-04,false,electric_bike,13.056451613,248
2021-01-04,true,electric_bike,10.955773956,814
2021-01-05,false,classic_bike,17.764505119,293
2021-01-05,true,classic_bike,11.80486685,2178
2021-01-05,false,docked_bike,98,90
2021-01-05,false,electric_bike,14.940944882,254
2021-01-05,true,electric_bike,11.18819939,983
2021-01-06,false,classic_bike,32.810289389,311
2021-01-06,true,classic_bike,15.492279746,2202
2021-01-06,false,docked_bike,36.438596491,114
2021-01-06,false,electric_bike,13.448148148,270
2021-01-06,true,electric_bike,13.029946524,935
2021-01-07,false,classic_bike,22,326
2021-01-07,true,classic_bike,11.894660895,2079
2021-01-07,false,docked_bike,37.932432432,74
2021-01-07,false,electric_bike,13.473053892,334
2021-01-07,true,electric_bike,11.687128713,1010
2021-01-08,false,classic_bike,18.446886447,273
2021-01-08,true,classic_bike,12.307361377,2092
2021-01-08,false,docked_bike,64.422535211,71
2021-01-08,false,electric_bike,12.471641791,335
2021-01-08,true,electric_bike,12.715370019,1054
2021-01-09,false,classic_bike,27.600811908,739
2021-01-09,true,classic_bike,13.921895006,2343
2021-01-09,false,docked_bike,63.457142857,210
2021-01-09,false,electric_bike,19.157175399,439
2021-01-09,true,electric_bike,12.465277778,1152
2021-01-10,false,classic_bike,19.779279279,444
2021-01-10,true,classic_bike,12.226277372,1644
2021-01-10,false,docked_bike,145.666666667,87
2021-01-10,false,electric_bike,15.247557003,307
2021-01-10,true,electric_bike,12.622908623,777
2021-01-11,false,classic_bike,25.038461538,234
2021-01-11,true,classic_bike,13.095262354,1963
2021-01-11,false,docked_bike,36.093023256,43
2021-01-11,false,electric_bike,15.393574297,249
2021-01-11,true,electric_bike,9.856973995,846
2021-01-12,false,classic_bike,26.01242236,322
2021-01-12,true,classic_bike,11.768386835,2461
2021-01-12,false,docked_bike,36.895522388,67
2021-01-12,false,electric_bike,13.445141066,319
2021-01-12,true,electric_bike,11.243271222,966
2021-01-13,false,classic_bike,18.07977208,351
2021-01-13,true,classic_bike,12.298701299,2541
2021-01-13,false,docked_bike,50.857142857,70
2021-01-13,true,docked_bike,2,1
2021-01-13,false,electric_bike,13.831858407,339
2021-01-13,true,electric_bike,11.956482321,1103
2021-01-14,false,classic_bike,22.230125523,239
2021-01-14,true,classic_bike,11.022058824,2040
2021-01-14,false,docked_bike,30.818181818,77
2021-01-14,false,electric_bike,14.809716599,247
2021-01-14,true,electric_bike,10.578674948,966
2021-01-15,false,classic_bike,21.56851312,343
2021-01-15,true,classic_bike,12.006790403,2209
2021-01-15,false,docked_bike,46.893203883,103
2021-01-15,false,electric_bike,13.898876404,356
2021-01-15,true,electric_bike,11.800373134,1072
2021-01-16,false,classic_bike,31.448877805,401
2021-01-16,true,classic_bike,15.269704433,1624
2021-01-16,false,docked_bike,56.168316832,101
2021-01-16,false,electric_bike,16.683139535,344
2021-01-16,true,electric_bike,12.733077905,783
2021-01-17,false,classic_bike,27.032258065,248
2021-01-17,true,classic_bike,14.715299685,1268
2021-01-17,false,docked_bike,25.626373626,91
2021-01-17,false,electric_bike,14.824626866,268
2021-01-17,true,electric_bike,11.68125,640
2021-01-18,false,classic_bike,26.592982456,285
2021-01-18,true,classic_bike,12.504201681,2023
2021-01-18,false,docked_bike,44.581081081,74
2021-01-18,false,electric_bike,15.996047431,253
2021-01-18,true,electric_bike,10.553097345,904
2021-01-19,false,classic_bike,15.681528662,157
2021-01-19,true,classic_bike,11.815817985,1846
2021-01-19,false,docked_bike,30.884615385,26
2021-01-19,false,electric_bike,12.467741935,186
2021-01-19,true,electric_bike,9.76119403,871
2021-01-20,false,classic_bike,15.45890411,146
2021-01-20,true,classic_bike,13.292409241,1515
2021-01-20,false,docked_bike,320.243243243,37
2021-01-20,false,electric_bike,11.086486486,185
2021-01-20,true,electric_bike,10.776061776,777
2021-01-21,false,classic_bike,29.46130031,323
2021-01-21,true,classic_bike,13.041044776,2412
2021-01-21,false,docked_bike,37.980769231,52
2021-01-21,false,electric_bike,14.442244224,303
2021-01-21,true,electric_bike,12.011428571,1050
2021-01-22,false,classic_bike,35.886956522,230
2021-01-22,true,classic_bike,10.743485814,1727
2021-01-22,false,docked_bike,24.105263158,38
2021-01-22,false,electric_bike,11.046948357,213
2021-01-22,true,electric_bike,10.47706422,872
2021-01-23,false,classic_bike,19.122762148,391
2021-01-23,true,classic_bike,12.114397321,1792
2021-01-23,false,docked_bike,37.925531915,94
2021-01-23,false,electric_bike,15.157894737,304
2021-01-23,true,electric_bike,11.623644252,922
2021-01-24,false,classic_bike,30.161812298,309
2021-01-24,true,classic_bike,12.835186396,1529
2021-01-24,false,docked_bike,94.538461538,91
2021-01-24,false,electric_bike,14.579470199,302
2021-01-24,true,electric_bike,12.11686587,753
2021-01-25,false,classic_bike,15.697802198,182
2021-01-25,true,classic_bike,15.641918903,1751
2021-01-25,false,docked_bike,43.5,36
2021-01-25,false,electric_bike,12.386740331,181
2021-01-25,true,electric_bike,9.933255269,854
2021-01-26,false,classic_bike,20.176470588,51
2021-01-26,true,classic_bike,14.246701847,758
2021-01-26,false,docked_bike,46.75,12
2021-01-26,false,electric_bike,12.231707317,82
2021-01-26,true,electric_bike,12.594827586,348
2021-01-27,false,classic_bike,20.931623932,117
2021-01-27,true,classic_bike,14.147897898,1332
2021-01-27,false,docked_bike,13.545454545,11
2021-01-27,false,electric_bike,12.472222222,108
2021-01-27,true,electric_bike,11.073846154,650
2021-01-28,false,classic_bike,32.372670807,161
2021-01-28,true,classic_bike,12.974276527,1555
2021-01-28,false,docked_bike,21.03125,32
2021-01-28,false,electric_bike,14.722222222,144
2021-01-28,true,electric_bike,10.888059701,670
2021-01-29,false,classic_bike,18.923694779,249
2021-01-29,true,classic_bike,13.252388983,1779
2021-01-29,false,docked_bike,30.943396226,53
2021-01-29,false,electric_bike,14.008032129,249
2021-01-29,true,electric_bike,11.660292463,889
2021-01-30,false,classic_bike,18.830188679,159
2021-01-30,true,classic_bike,14.373185312,1171
2021-01-30,false,docked_bike,39.787234043,47
2021-01-30,false,electric_bike,14.117318436,179
2021-01-30,true,electric_bike,12.3536,625
2021-01-31,false,classic_bike,76.333333333,54
2021-01-31,true,classic_bike,24.395555556,225
2021-01-31,false,docked_bike,18,4
2021-01-31,false,electric_bike,19.127659574,47
2021-01-31,true,electric_bike,13.372413793,145
2021-02-01,false,classic_bike,26.417391304,115
2021-02-01,true,classic_bike,16.126684636,1113
2021-02-01,false,docked_bike,142.25,16
2021-02-01,false,electric_bike,13.409836066,122
2021-02-01,true,electric_bike,13.193548387,403
2021-02-02,false,classic_bike,40.305194805,154
2021-02-02,true,classic_bike,18.358610914,1411
2021-02-02,false,docked_bike,17.75,12
2021-02-02,false,electric_bike,16.179487179,117
2021-02-02,true,electric_bike,11.918118467,574
2021-02-03,false,classic_bike,21.52688172,186
2021-02-03,true,classic_bike,16.185297691,1646
2021-02-03,false,docked_bike,28.384615385,26
2021-02-03,false,electric_bike,13.111111111,144
2021-02-03,true,electric_bike,13.380664653,662
2021-02-04,false,classic_bike,18.532608696,92
2021-02-04,true,classic_bike,14.20199005,1005
2021-02-04,false,docked_bike,24,6
2021-02-04,false,electric_bike,13.333333333,99
2021-02-04,true,electric_bike,11.25,500
2021-02-05,false,classic_bike,137.714285714,70
2021-02-05,true,classic_bike,31.654808959,759
2021-02-05,false,docked_bike,4294.571428571,7
2021-02-05,false,electric_bike,13.151515152,66
2021-02-05,true,electric_bike,11.803234501,371
2021-02-06,false,classic_bike,44.378787879,66
2021-02-06,true,classic_bike,29.335456476,471
2021-02-06,false,docked_bike,2644.111111111,18
2021-02-06,false,electric_bike,10.588235294,34
2021-02-06,true,electric_bike,12.246753247,231
2021-02-07,false,classic_bike,70.966666667,60
2021-02-07,true,classic_bike,35.918854415,419
2021-02-07,false,docked_bike,57,10
2021-02-07,false,electric_bike,22.666666667,9
2021-02-07,true,electric_bike,15.55,60
2021-02-08,false,classic_bike,72.86440678,59
2021-02-08,true,classic_bike,22.469589816,707
2021-02-08,false,docked_bike,49.6,5
2021-02-08,false,electric_bike,22.5,18
2021-02-08,true,electric_bike,13.743589744,117
2021-02-09,false,classic_bike,52.398058252,103
2021-02-09,true,classic_bike,12.724700762,919
2021-02-09,false,docked_bike,25,6
2021-02-09,false,electric_bike,11.733333333,30
2021-02-09,true,electric_bike,13.658415842,202
2021-02-10,false,classic_bike,33.32183908,87
2021-02-10,true,classic_bike,18.382173382,819
2021-02-10,false,docked_bike,14.285714286,7
2021-02-10,false,electric_bike,12.836734694,49
2021-02-10,true,electric_bike,13.809338521,257
2021-02-11,false,classic_bike,23.133333333,90
2021-02-11,true,classic_bike,19.06504065,861
2021-02-11,false,docked_bike,20,5
2021-02-11,false,electric_bike,14.037037037,81
2021-02-11,true,electric_bike,14.128813559,295
2021-02-12,false,classic_bike,53.86627907,172
2021-02-12,true,classic_bike,14.095954845,1063
2021-02-12,false,docked_bike,39.789473684,19
2021-02-12,false,electric_bike,16.888888889,99
2021-02-12,true,electric_bike,13.47113164,433
2021-02-13,false,classic_bike,74.537313433,67
2021-02-13,true,classic_bike,20.115979381,388
2021-02-13,false,docked_bike,41.111111111,9
2021-02-13,false,electric_bike,15.583333333,60
2021-02-13,true,electric_bike,14.163841808,177
2021-02-14,false,classic_bike,93.234567901,81
2021-02-14,true,classic_bike,44.868852459,366
2021-02-14,false,docked_bike,13,6
2021-02-14,false,electric_bike,12.222222222,9
2021-02-14,true,electric_bike,41.380952381,21
2021-02-15,false,classic_bike,69.428571429,21
2021-02-15,true,classic_bike,57.086792453,265
2021-02-15,false,docked_bike,11,1
2021-02-15,false,electric_bike,18.090909091,11
2021-02-15,true,electric_bike,19.488372093,43
2021-02-16,false,classic_bike,267.702702703,37
2021-02-16,true,classic_bike,54.346820809,173
2021-02-16,false,docked_bike,3144.5,2
2021-02-16,false,electric_bike,13.923076923,13
2021-02-16,true,electric_bike,20.611111111,54
2021-02-17,false,classic_bike,100.725490196,51
2021-02-17,true,classic_bike,58.782828283,396
2021-02-17,false,docked_bike,1430,2
2021-02-17,false,electric_bike,13.766666667,30
2021-02-17,true,electric_bike,16.985507246,138
2021-02-18,false,classic_bike,35.242424242,66
2021-02-18,true,classic_bike,30.498960499,481
2021-02-18,false,docked_bike,50.833333333,6
2021-02-18,false,electric_bike,14.157894737,38
2021-02-18,true,electric_bike,13.13,200
2021-02-19,false,classic_bike,70.4625,80
2021-02-19,true,classic_bike,30.97689769,606
2021-02-19,false,docked_bike,1055.9,10
2021-02-19,false,electric_bike,15.637931034,58
2021-02-19,true,electric_bike,13.595959596,198
2021-02-20,false,classic_bike,90.957627119,118
2021-02-20,true,classic_bike,33.362537764,662
2021-02-20,false,docked_bike,793.882352941,17
2021-02-20,false,electric_bike,21.553846154,65
2021-02-20,true,electric_bike,16.31372549,255
2021-02-21,false,classic_bike,72.12962963,108
2021-02-21,true,classic_bike,26.258252427,515
2021-02-21,false,docked_bike,66.571428571,14
2021-02-21,false,electric_bike,15.109090909,55
2021-02-21,true,electric_bike,16.476190476,189
2021-02-22,false,classic_bike,53,110
2021-02-22,true,classic_bike,16.287656904,956
2021-02-22,false,docked_bike,51.4,10
2021-02-22,false,electric_bike,17.13253012,83
2021-02-22,true,electric_bike,14.421052632,323
2021-02-23,false,classic_bike,32.795302013,298
2021-02-23,true,classic_bike,18.065743945,1734
2021-02-23,false,docked_bike,98.841269841,63
2021-02-23,false,electric_bike,16.836601307,153
2021-02-23,true,electric_bike,14.463099631,542
2021-02-24,false,classic_bike,39.986394558,294
2021-02-24,true,classic_bike,12.398766701,1946
2021-02-24,false,docked_bike,78.807017544,57
2021-02-24,false,electric_bike,16.063953488,172
2021-02-24,true,electric_bike,12.979397781,631
2021-02-25,false,classic_bike,20.84789644,309
2021-02-25,true,classic_bike,13.230093071,1934
2021-02-25,false,docked_bike,47.947368421,57
2021-02-25,false,electric_bike,13.635869565,184
2021-02-25,true,electric_bike,11.466360856,654
2021-02-26,false,classic_bike,24.764069264,462
2021-02-26,true,classic_bike,13.163192905,2255
2021-02-26,false,docked_bike,64.381294964,139
2021-02-26,false,electric_bike,14.517985612,278
2021-02-26,true,electric_bike,12.970310391,741
2021-02-27,false,classic_bike,35.367452559,1739
2021-02-27,true,classic_bike,16.689493433,3198
2021-02-27,false,docked_bike,90.903571429,560
2021-02-27,false,electric_bike,24.010248902,683
2021-02-27,true,electric_bike,16.101101101,999
2021-02-28,false,classic_bike,32.732075472,530
2021-02-28,true,classic_bike,14.343696028,1737
2021-02-28,false,docked_bike,83.112426036,169
2021-02-28,false,electric_bike,20.471875,320
2021-02-28,true,electric_bike,13.421311475,610
2021-03-01,false,classic_bike,20.525547445,274
2021-03-01,true,classic_bike,11.13727406,2047
2021-03-01,false,docked_bike,122.985294118,68
2021-03-01,false,electric_bike,15.944915254,236
2021-03-01,true,electric_bike,10.307106599,788
2021-03-02,false,classic_bike,24.430025445,393
2021-03-02,true,classic_bike,12.077443927,2363
2021-03-02,false,docked_bike,199.330275229,109
2021-03-02,false,electric_bike,14.883161512,291
2021-03-02,true,electric_bike,11.518973214,896
2021-03-03,false,classic_bike,26.891994917,787
2021-03-03,true,classic_bike,13.937017995,3112
2021-03-03,false,docked_bike,49.734042553,188
2021-03-03,false,electric_bike,20.794605809,482
2021-03-03,true,electric_bike,13.3388735,1083
2021-03-04,false,classic_bike,26.823671498,414
2021-03-04,true,classic_bike,11.29683597,2402
2021-03-04,false,docked_bike,154.355555556,90
2021-03-04,false,electric_bike,14.110576923,208
2021-03-04,true,electric_bike,10.891148325,836
2021-03-05,false,classic_bike,30.205952381,840
2021-03-05,true,classic_bike,12.329012961,3009
2021-03-05,false,docked_bike,54.531578947,190
2021-03-05,false,electric_bike,15.976303318,422
2021-03-05,true,electric_bike,12.323660714,896
2021-03-06,false,classic_bike,32.264879006,1529
2021-03-06,true,classic_bike,14.319974351,3119
2021-03-06,false,docked_bike,172.132841328,542
2021-03-06,false,electric_bike,20.260794473,579
2021-03-06,true,electric_bike,14.710059172,1014
2021-03-07,false,classic_bike,32.955026455,1512
2021-03-07,true,classic_bike,16.282514209,2991
2021-03-07,false,docked_bike,66.437254902,510
2021-03-07,false,electric_bike,24.402930403,546
2021-03-07,true,electric_bike,14.482961222,851
2021-03-08,false,classic_bike,34.349972573,1823
2021-03-08,true,classic_bike,14.417373828,4478
2021-03-08,false,docked_bike,130.866209262,583
2021-03-08,false,electric_bike,25.25877193,684
2021-03-08,true,electric_bike,14.226698262,1266
2021-03-09,false,classic_bike,31.010398614,2308
2021-03-09,true,classic_bike,14.782969685,5179
2021-03-09,false,docked_bike,73.555045872,654
2021-03-09,false,electric_bike,22.582908163,784
2021-03-09,true,electric_bike,14.336121673,1315
2021-03-10,false,classic_bike,26.771179731,1263
2021-03-10,true,classic_bike,12.621238498,4021
2021-03-10,false,docked_bike,65.682352941,340
2021-03-10,false,electric_bike,18.464223386,573
2021-03-10,true,electric_bike,13.280289331,1106
2021-03-11,false,classic_bike,23.419724771,1308
2021-03-11,true,classic_bike,12.451785281,4117
2021-03-11,false,docked_bike,53.836795252,337
2021-03-11,false,electric_bike,19.367972743,587
2021-03-11,true,electric_bike,12.34361611,1167
2021-03-12,false,classic_bike,24.271028037,1284
2021-03-12,true,classic_bike,13.135620053,3790
2021-03-12,false,docked_bike,53.304347826,322
2021-03-12,false,electric_bike,17.904923599,589
2021-03-12,true,electric_bike,12.617977528,1157
2021-03-13,false,classic_bike,35.698052814,3749
2021-03-13,true,classic_bike,16.889592569,4737
2021-03-13,false,docked_bike,73.446759259,1296
2021-03-13,false,electric_bike,24.004319654,1389
2021-03-13,true,electric_bike,16.592592593,1350
2021-03-14,false,classic_bike,31.446355446,1221
2021-03-14,true,classic_bike,12.853251318,2276
2021-03-14,false,docked_bike,85.773333333,375
2021-03-14,false,electric_bike,17.973958333,576
2021-03-14,true,electric_bike,13.468085106,846
2021-03-15,false,classic_bike,27.715151515,165
2021-03-15,true,classic_bike,10.594847775,1281
2021-03-15,false,docked_bike,20.323529412,34
2021-03-15,false,electric_bike,10.875,160
2021-03-15,true,electric_bike,10.734061931,549
2021-03-16,false,classic_bike,26.221491228,456
2021-03-16,true,classic_bike,12.454280964,2406
2021-03-16,false,docked_bike,33.973684211,114
2021-03-16,false,electric_bike,15.30952381,336
2021-03-16,true,electric_bike,11.181415929,904
2021-03-17,false,classic_bike,28.474201474,407
2021-03-17,true,classic_bike,10.931862745,2040
2021-03-17,false,docked_bike,81.511904762,84
2021-03-17,false,electric_bike,15.521035599,309
2021-03-17,true,electric_bike,10.533255543,857
2021-03-18,false,classic_bike,25.275700935,428
2021-03-18,true,classic_bike,11.233974359,1872
2021-03-18,false,docked_bike,162.076923077,104
2021-03-18,false,electric_bike,12.728723404,376
2021-03-18,true,electric_bike,10.094549499,899
2021-03-19,false,classic_bike,25.169077758,1106
2021-03-19,true,classic_bike,12.853470437,3112
2021-03-19,false,docked_bike,108.978461538,325
2021-03-19,false,electric_bike,17.684605757,799
2021-03-19,true,electric_bike,11.524361949,1293
2021-03-20,false,classic_bike,33.414481186,3508
2021-03-20,true,classic_bike,15.785014158,4591
2021-03-20,false,docked_bike,78.282286521,1417
2021-03-20,false,electric_bike,22.481364498,1583
2021-03-20,true,electric_bike,14.758419689,1544
2021-03-21,false,classic_bike,39.68583043,5166
2021-03-21,true,classic_bike,18.525943396,5512
2021-03-21,false,docked_bike,72.434083601,2177
2021-03-21,false,electric_bike,30.401874311,1814
2021-03-21,true,electric_bike,16.365316276,1407
2021-03-22,false,classic_bike,36.808894231,2496
2021-03-22,true,classic_bike,15.597266881,4976
2021-03-22,false,docked_bike,89.936965812,936
2021-03-22,false,electric_bike,26.565972222,1152
2021-03-22,true,electric_bike,14.522012579,1431
2021-03-23,false,classic_bike,27.666201117,716
2021-03-23,true,classic_bike,11.479621543,2748
2021-03-23,false,docked_bike,43.142857143,154
2021-03-23,false,electric_bike,18.347169811,530
2021-03-23,true,electric_bike,11.889570552,1141
2021-03-24,false,classic_bike,24.30859375,1280
2021-03-24,true,classic_bike,13.250126072,3966
2021-03-24,false,docked_bike,67.076719577,378
2021-03-24,false,electric_bike,18.696871629,927
2021-03-24,true,electric_bike,12.500309981,1613
2021-03-25,false,classic_bike,25.135068154,807
2021-03-25,true,classic_bike,12.059027778,3168
2021-03-25,false,docked_bike,70.71,200
2021-03-25,false,electric_bike,15.836624776,557
2021-03-25,true,electric_bike,11.169324222,1317
2021-03-26,false,classic_bike,24.089265537,885
2021-03-26,true,classic_bike,12.006540222,3058
2021-03-26,false,docked_bike,47.546184739,249
2021-03-26,false,electric_bike,16.327586207,696
2021-03-26,true,electric_bike,11.26358898,1343
2021-03-27,false,classic_bike,28.642207398,3298
2021-03-27,true,classic_bike,16.002173441,4601
2021-03-27,false,docked_bike,79.806190125,1357
2021-03-27,false,electric_bike,24.424242424,1650
2021-03-27,true,electric_bike,14.14658523,1801
2021-03-28,false,classic_bike,30.939239069,1761
2021-03-28,true,classic_bike,14.416552198,2912
2021-03-28,false,docked_bike,63.883031301,607
2021-03-28,false,electric_bike,22.480725624,882
2021-03-28,true,electric_bike,14.605809129,1205
2021-03-29,false,classic_bike,30.975468044,1549
2021-03-29,true,classic_bike,14.319662244,4145
2021-03-29,false,docked_bike,89.791495199,729
2021-03-29,false,electric_bike,23.490010515,951
2021-03-29,true,electric_bike,13.597897503,1522
2021-03-30,false,classic_bike,30.83655006,1658
2021-03-30,true,classic_bike,14.058462238,4396
2021-03-30,false,docked_bike,83.854454203,797
2021-03-30,false,electric_bike,22.242911153,1058
2021-03-30,true,electric_bike,13.073379754,1867
2021-03-31,false,classic_bike,23.727989488,761
2021-03-31,true,classic_bike,11.993724506,3187
2021-03-31,false,docked_bike,54.301639344,305
2021-03-31,false,electric_bike,17.134477825,699
2021-03-31,true,electric_bike,11.891927952,1499
2021-04-01,false,classic_bike,26.942771084,664
2021-04-01,true,classic_bike,11.309195402,2610
2021-04-01,false,docked_bike,42.159793814,194
2021-04-01,false,electric_bike,16.463450292,684
2021-04-01,true,electric_bike,12.206415621,1434
2021-04-02,false,classic_bike,30.370786517,1691
2021-04-02,true,classic_bike,13.665215164,3904
2021-04-02,false,docked_bike,217.599704579,677
2021-04-02,false,electric_bike,19.640410959,1168
2021-04-02,true,electric_bike,12.761279269,1751
2021-04-03,false,classic_bike,36.323170732,5904
2021-04-03,true,classic_bike,19.062994619,6318
2021-04-03,false,docked_bike,70.542440801,2745
2021-04-03,false,electric_bike,27.26464301,2339
2021-04-03,true,electric_bike,17.325381679,2096
2021-04-04,false,classic_bike,41.263197304,5342
2021-04-04,true,classic_bike,18.931702165,5681
2021-04-04,false,docked_bike,108.020030817,2596
2021-04-04,false,electric_bike,30.809392265,1810
2021-04-04,true,electric_bike,17.914879357,1492
2021-04-05,false,classic_bike,31.992549669,2416
2021-04-05,true,classic_bike,13.985800428,5141
2021-04-05,false,docked_bike,111.356164384,949
2021-04-05,false,electric_bike,23.663427562,1132
2021-04-05,true,electric_bike,14.483221477,1639
2021-04-06,false,classic_bike,35.80653951,4037
2021-04-06,true,classic_bike,15.454558146,7163
2021-04-06,false,docked_bike,113.319419238,1653
2021-04-06,false,electric_bike,28.391019173,1982
2021-04-06,true,electric_bike,15.433035714,2240
2021-04-07,false,classic_bike,33.058323564,3412
2021-04-07,true,classic_bike,14.682115357,6883
2021-04-07,false,docked_bike,117.779766537,1285
2021-04-07,false,electric_bike,25.240903388,1594
2021-04-07,true,electric_bike,14.890780142,2115
2021-04-08,false,classic_bike,30.826027397,730
2021-04-08,true,classic_bike,11.92164321,2629
2021-04-08,false,docked_bike,36.455813953,215
2021-04-08,false,electric_bike,16.672727273,550
2021-04-08,true,electric_bike,13.486440678,1180
2021-04-09,false,classic_bike,33.956209891,2649
2021-04-09,true,classic_bike,16.022787194,5310
2021-04-09,false,docked_bike,129.494023904,1004
2021-04-09,false,electric_bike,21.904187367,1409
2021-04-09,true,electric_bike,14.515877147,1921
2021-04-10,false,classic_bike,34.929133858,1143
2021-04-10,true,classic_bike,13.813912273,2257
2021-04-10,false,docked_bike,47.639664804,358
2021-04-10,false,electric_bike,17.420485175,742
2021-04-10,true,electric_bike,14.145416228,949
2021-04-11,false,classic_bike,29.790462428,2768
2021-04-11,true,classic_bike,15.898863098,4222
2021-04-11,false,docked_bike,60.78069255,953
2021-04-11,false,electric_bike,21.734386757,1329
2021-04-11,true,electric_bike,15.679818887,1546
2021-04-12,false,classic_bike,31.437029604,1993
2021-04-12,true,classic_bike,14.695098784,5264
2021-04-12,false,docked_bike,57.289985052,669
2021-04-12,false,electric_bike,21.412805392,1187
2021-04-12,true,electric_bike,13.928418803,1872
2021-04-13,false,classic_bike,28.916990921,1542
2021-04-13,true,classic_bike,13.645297428,4976
2021-04-13,false,docked_bike,52.306791569,427
2021-04-13,false,electric_bike,19.429236499,1074
2021-04-13,true,electric_bike,13.087325349,2004
2021-04-14,false,classic_bike,25.207743154,1059
2021-04-14,true,classic_bike,12.443421371,4127
2021-04-14,false,docked_bike,80.524916944,301
2021-04-14,false,electric_bike,16.262485482,861
2021-04-14,true,electric_bike,12.394373673,1884
2021-04-15,false,classic_bike,26.21219716,1197
2021-04-15,true,classic_bike,13.732010519,4183
2021-04-15,false,docked_bike,37.795379538,303
2021-04-15,false,electric_bike,16.74702381,1008
2021-04-15,true,electric_bike,12.197168327,1907
2021-04-16,false,classic_bike,29.453708192,2063
2021-04-16,true,classic_bike,13.497827436,4833
2021-04-16,false,docked_bike,102.040540541,592
2021-04-16,false,electric_bike,17.728561783,1481
2021-04-16,true,electric_bike,13.528447445,2074
2021-04-17,false,classic_bike,31.685855263,3648
2021-04-17,true,classic_bike,15.715638855,4962
2021-04-17,false,docked_bike,60.536209553,1298
2021-04-17,false,electric_bike,22.057524397,1947
2021-04-17,true,electric_bike,15.249027237,2056
2021-04-18,false,classic_bike,33.023636937,3173
2021-04-18,true,classic_bike,16.832959413,4903
2021-04-18,false,docked_bike,55.164508759,1313
2021-04-18,false,electric_bike,24.037135279,1885
2021-04-18,true,electric_bike,16.119635193,1864
2021-04-19,false,classic_bike,25.952437574,841
2021-04-19,true,classic_bike,13.02653548,3354
2021-04-19,false,docked_bike,50.945652174,184
2021-04-19,false,electric_bike,15.869448183,743
2021-04-19,true,electric_bike,12.15052356,1528
2021-04-20,false,classic_bike,18.858921162,723
2021-04-20,true,classic_bike,11.21969697,3300
2021-04-20,false,docked_bike,73.711267606,142
2021-04-20,false,electric_bike,13.413165266,714
2021-04-20,true,electric_bike,11.57773386,1518
2021-04-21,false,classic_bike,21.082099596,743
2021-04-21,true,classic_bike,11.902402402,3330
2021-04-21,false,docked_bike,125.183673469,147
2021-04-21,false,electric_bike,14.124824684,713
2021-04-21,true,electric_bike,11.684376977,1581
2021-04-22,false,classic_bike,25.908020191,1783
2021-04-22,true,classic_bike,13.553390175,4926
2021-04-22,false,docked_bike,45.018404908,489
2021-04-22,false,electric_bike,17.776208178,1345
2021-04-22,true,electric_bike,13.649604467,2149
2021-04-23,false,classic_bike,28.233652008,2615
2021-04-23,true,classic_bike,13.743288889,5625
2021-04-23,false,docked_bike,98.327272727,715
2021-04-23,false,electric_bike,18.207946336,1938
2021-04-23,true,electric_bike,13.319509099,2363
2021-04-24,false,classic_bike,28.849164797,4011
2021-04-24,true,classic_bike,15.526422764,5412
2021-04-24,false,docked_bike,54.692989525,1241
2021-04-24,false,electric_bike,19.726833977,2072
2021-04-24,true,electric_bike,15.056122449,2156
2021-04-25,false,classic_bike,27.40959596,1980
2021-04-25,true,classic_bike,14.398050139,3590
2021-04-25,false,docked_bike,49.771992819,557
2021-04-25,false,electric_bike,18.557964971,1199
2021-04-25,true,electric_bike,13.585227273,1408
2021-04-26,false,classic_bike,33.672125668,2992
2021-04-26,true,classic_bike,14.745967742,6200
2021-04-26,false,docked_bike,63.52160804,995
2021-04-26,false,electric_bike,26.17863297,1741
2021-04-26,true,electric_bike,14.987230295,2271
2021-04-27,false,classic_bike,31.036087369,4212
2021-04-27,true,classic_bike,14.951963907,7536
2021-04-27,false,docked_bike,70.662374821,1398
2021-04-27,false,electric_bike,25.739051095,2192
2021-04-27,true,electric_bike,14.83225561,2629
2021-04-28,false,classic_bike,22.734413965,802
2021-04-28,true,classic_bike,13.076446281,3388
2021-04-28,false,docked_bike,59.95505618,178
2021-04-28,false,electric_bike,13.274928775,702
2021-04-28,true,electric_bike,11.321972002,1643
2021-04-29,false,classic_bike,22.654092072,1564
2021-04-29,true,classic_bike,13.415708397,4609
2021-04-29,false,docked_bike,56.332307692,325
2021-04-29,false,electric_bike,17.300854701,1170
2021-04-29,true,electric_bike,12.40531401,2070
2021-04-30,false,classic_bike,27.164765526,2367
2021-04-30,true,classic_bike,13.765549312,5161
2021-04-30,false,docked_bike,61.631578947,665
2021-04-30,false,electric_bike,17.467540574,1602
2021-04-30,true,electric_bike,13.458974359,2340
2021-05-01,false,classic_bike,36.268999248,7974
2021-05-01,true,classic_bike,17.10960033,7281
2021-05-01,false,docked_bike,79.741858073,2917
2021-05-01,false,electric_bike,26.023285486,3135
2021-05-01,true,electric_bike,15.890430972,2738
2021-05-02,false,classic_bike,38.054420152,8416
2021-05-02,true,classic_bike,18.449001766,7363
2021-05-02,false,docked_bike,112.219541985,3275
2021-05-02,false,electric_bike,28.718388907,3029
2021-05-02,true,electric_bike,17.424017467,2290
2021-05-03,false,classic_bike,27.012779553,1878
2021-05-03,true,classic_bike,13.376348822,4541
2021-05-03,false,docked_bike,59.792260692,491
2021-05-03,false,electric_bike,21.401459854,1096
2021-05-03,true,electric_bike,13.649366325,1657
2021-05-04,false,classic_bike,22.450114242,1313
2021-05-04,true,classic_bike,11.93655793,4445
2021-05-04,false,docked_bike,88.298611111,288
2021-05-04,false,electric_bike,16.289546716,1081
2021-05-04,true,electric_bike,11.506981223,2077
2021-05-05,false,classic_bike,23.022288262,2019
2021-05-05,true,classic_bike,13.879377432,5654
2021-05-05,false,docked_bike,69.408163265,490
2021-05-05,false,electric_bike,16.825200741,1619
2021-05-05,true,electric_bike,12.242744063,2653
2021-05-06,false,classic_bike,25.603150788,1333
2021-05-06,true,classic_bike,13.064209275,4205
2021-05-06,false,docked_bike,50.989932886,298
2021-05-06,false,electric_bike,16.002795248,1431
2021-05-06,true,electric_bike,11.437674419,2150
2021-05-07,false,classic_bike,25.660633484,2431
2021-05-07,true,classic_bike,13.985928884,5259
2021-05-07,false,docked_bike,107.995750708,706
2021-05-07,false,electric_bike,16.542244077,2237
2021-05-07,true,electric_bike,12.519626168,2675
2021-05-08,false,classic_bike,31.607331224,3792
2021-05-08,true,classic_bike,15.823217443,5091
2021-05-08,false,docked_bike,115.138888889,1152
2021-05-08,false,electric_bike,20.134810364,2663
2021-05-08,true,electric_bike,13.903197926,2314
2021-05-09,false,classic_bike,32.898813678,1433
2021-05-09,true,classic_bike,14.868754661,2682
2021-05-09,false,docked_bike,148.389447236,398
2021-05-09,false,electric_bike,19.837316885,1297
2021-05-09,true,electric_bike,13.702760085,1413
2021-05-10,false,classic_bike,23.938019652,1323
2021-05-10,true,classic_bike,11.882676225,4185
2021-05-10,false,docked_bike,58.533149171,362
2021-05-10,false,electric_bike,16.262151394,1255
2021-05-10,true,electric_bike,11.183712121,2112
2021-05-11,false,classic_bike,22.338471419,1557
2021-05-11,true,classic_bike,13.386239091,4927
2021-05-11,false,docked_bike,88.841463415,410
2021-05-11,false,electric_bike,16.870333988,1527
2021-05-11,true,electric_bike,11.761678543,2526
2021-05-12,false,classic_bike,27.980712166,2022
2021-05-12,true,classic_bike,12.956903982,5801
2021-05-12,false,docked_bike,49.925650558,538
2021-05-12,false,electric_bike,17.197183099,1917
2021-05-12,true,electric_bike,11.796649916,2985
2021-05-13,false,classic_bike,30.227990179,2851
2021-05-13,true,classic_bike,13.896573016,6478
2021-05-13,false,docked_bike,76.601861427,967
2021-05-13,false,electric_bike,18.825396825,2709
2021-05-13,true,electric_bike,12.98622342,3339
2021-05-14,false,classic_bike,29.837353714,4187
2021-05-14,true,classic_bike,14.628880866,6925
2021-05-14,false,docked_bike,93.03757416,1517
2021-05-14,false,electric_bike,21.617195496,3908
2021-05-14,true,electric_bike,13.820379017,3641
2021-05-15,false,classic_bike,30.186595174,3730
2021-05-15,true,classic_bike,14.611641655,4398
2021-05-15,false,docked_bike,82.321192053,1510
2021-05-15,false,electric_bike,19.632409794,3104
2021-05-15,true,electric_bike,13.948717949,2535
2021-05-16,false,classic_bike,35.790969129,6511
2021-05-16,true,classic_bike,17.300030003,6666
2021-05-16,false,docked_bike,104.083809524,2625
2021-05-16,false,electric_bike,27.113097899,4474
2021-05-16,true,electric_bike,15.303840878,2916
2021-05-17,false,classic_bike,27.984681854,2546
2021-05-17,true,classic_bike,14.538245961,6066
2021-05-17,false,docked_bike,77.263208453,1041
2021-05-17,false,electric_bike,20.157284057,2327
2021-05-17,true,electric_bike,12.56568008,3007
2021-05-18,false,classic_bike,27.373684211,1900
2021-05-18,true,classic_bike,12.561529503,5152
2021-05-18,false,docked_bike,55.862773723,685
2021-05-18,false,electric_bike,18.650050865,1966
2021-05-18,true,electric_bike,11.889921372,2798
2021-05-19,false,classic_bike,28.188553508,2551
2021-05-19,true,classic_bike,14.152712354,6581
2021-05-19,false,docked_bike,88.007173601,697
2021-05-19,false,electric_bike,20.23405073,2602
2021-05-19,true,electric_bike,12.866587957,3388
2021-05-20,false,classic_bike,30.785543893,4192
2021-05-20,true,classic_bike,14.308055628,7622
2021-05-20,false,docked_bike,86.872265349,1417
2021-05-20,false,electric_bike,21.896685578,3349
2021-05-20,true,electric_bike,13.373179445,3639
2021-05-21,false,classic_bike,30.39982684,5775
2021-05-21,true,classic_bike,14.599569838,7904
2021-05-21,false,docked_bike,81.711650922,2223
2021-05-21,false,electric_bike,22.788760551,4502
2021-05-21,true,electric_bike,14.002192982,4104
2021-05-22,false,classic_bike,36.337417531,11671
2021-05-22,true,classic_bike,17.565521841,8997
2021-05-22,false,docked_bike,77.052962515,4135
2021-05-22,false,electric_bike,25.971308017,5925
2021-05-22,true,electric_bike,15.956450288,3651
2021-05-23,false,classic_bike,34.313070404,6136
2021-05-23,true,classic_bike,16.610447028,6107
2021-05-23,false,docked_bike,100.715470759,2411
2021-05-23,false,electric_bike,25.740962289,3845
2021-05-23,true,electric_bike,15.493958257,2731
2021-05-24,false,classic_bike,35.189506656,3831
2021-05-24,true,classic_bike,14.691062349,7474
2021-05-24,false,docked_bike,104.448609432,1654
2021-05-24,false,electric_bike,25.262711864,3304
2021-05-24,true,electric_bike,13.47294887,3364
2021-05-25,false,classic_bike,30.398646661,3399
2021-05-25,true,classic_bike,13.313895278,7391
2021-05-25,false,docked_bike,82.519047619,1050
2021-05-25,false,electric_bike,22.041601009,3173
2021-05-25,true,electric_bike,12.573333333,3600
2021-05-26,false,classic_bike,30.555636718,4107
2021-05-26,true,classic_bike,14.007283687,7963
2021-05-26,false,docked_bike,94.389633601,1119
2021-05-26,false,electric_bike,21.608010091,3171
2021-05-26,true,electric_bike,13.479957806,3792
2021-05-27,false,classic_bike,25.84735023,1736
2021-05-27,true,classic_bike,11.954470878,4876
2021-05-27,false,docked_bike,127.138810198,353
2021-05-27,false,electric_bike,15.215457914,1889
2021-05-27,true,electric_bike,11.574278589,2807
2021-05-28,false,classic_bike,20.640316206,1012
2021-05-28,true,classic_bike,11.641404806,2705
2021-05-28,false,docked_bike,55.165178571,224
2021-05-28,false,electric_bike,13.715926493,1306
2021-05-28,true,electric_bike,11.241538462,1950
2021-05-29,false,classic_bike,33.124918567,6140
2021-05-29,true,classic_bike,15.829222011,5797
2021-05-29,false,docked_bike,56.302637668,2161
2021-05-29,false,electric_bike,24.019208781,4373
2021-05-29,true,electric_bike,15.109090909,2970
2021-05-30,false,classic_bike,36.504520167,8628
2021-05-30,true,classic_bike,17.536581338,6055
2021-05-30,false,docked_bike,89.944298629,3429
2021-05-30,false,electric_bike,26.366412214,5371
2021-05-30,true,electric_bike,15.152224053,3035
2021-05-31,false,classic_bike,37.335755814,6192
2021-05-31,true,classic_bike,17.761904762,5733
2021-05-31,false,docked_bike,68.25059761,2510
2021-05-31,false,electric_bike,27.005822416,4122
2021-05-31,true,electric_bike,15.484167894,2716
2021-06-01,false,classic_bike,29.263312818,3737
2021-06-01,true,classic_bike,15.09766881,7464
2021-06-01,false,docked_bike,117.988593156,1315
2021-06-01,false,electric_bike,23.126892792,3302
2021-06-01,true,electric_bike,13.686367686,3367
2021-06-02,false,classic_bike,25.681473152,3557
2021-06-02,true,classic_bike,13.974352527,7954
2021-06-02,false,docked_bike,161.816681943,1091
2021-06-02,false,electric_bike,21.129817444,3451
2021-06-02,true,electric_bike,13.280881599,3902
2021-06-03,false,classic_bike,31.448268755,4852
2021-06-03,true,classic_bike,14.849706917,8530
2021-06-03,false,docked_bike,97.863636364,1496
2021-06-03,false,electric_bike,21.786284641,4258
2021-06-03,true,electric_bike,13.820374016,4064
2021-06-04,false,classic_bike,30.310666667,6000
2021-06-04,true,classic_bike,14.966343275,8349
2021-06-04,false,docked_bike,105.642544925,2059
2021-06-04,false,electric_bike,22.293131982,4834
2021-06-04,true,electric_bike,13.847328244,4192
2021-06-05,false,classic_bike,34.068281371,11643
2021-06-05,true,classic_bike,16.386827563,8867
2021-06-05,false,docked_bike,152.99321267,3536
2021-06-05,false,electric_bike,24.107857427,7547
2021-06-05,true,electric_bike,15.407340689,4441
2021-06-06,false,classic_bike,35.457715877,8975
2021-06-06,true,classic_bike,17.131862494,7796
2021-06-06,false,docked_bike,112.864513865,2849
2021-06-06,false,electric_bike,25.846589903,5645
2021-06-06,true,electric_bike,15.314932127,3315
2021-06-07,false,classic_bike,29.223965763,3505
2021-06-07,true,classic_bike,13.404563405,6837
2021-06-07,false,docked_bike,69.927021696,1014
2021-06-07,false,electric_bike,22.139588859,3016
2021-06-07,true,electric_bike,13.096456693,3048
2021-06-08,false,classic_bike,30.491274575,4527
2021-06-08,true,classic_bike,14.67627831,8566
2021-06-08,false,docked_bike,67.654946852,1223
2021-06-08,false,electric_bike,21.194270833,3840
2021-06-08,true,electric_bike,13.138654449,4147
2021-06-09,false,classic_bike,28.690219484,5194
2021-06-09,true,classic_bike,14.692415127,9308
2021-06-09,false,docked_bike,143.72647258,1477
2021-06-09,false,electric_bike,21.849341317,4175
2021-06-09,true,electric_bike,13.033364226,4316
2021-06-10,false,classic_bike,28.447738438,5903
2021-06-10,true,classic_bike,14.980769231,9100
2021-06-10,false,docked_bike,116.17776204,1412
2021-06-10,false,electric_bike,21.742035398,4520
2021-06-10,true,electric_bike,13.55143457,4287
2021-06-11,false,classic_bike,31.877376795,7731
2021-06-11,true,classic_bike,14.294807926,9033
2021-06-11,false,docked_bike,121.464650956,2249
2021-06-11,false,electric_bike,20.690310538,5893
2021-06-11,true,electric_bike,13.432968994,4483
2021-06-12,false,classic_bike,32.592041939,11636
2021-06-12,true,classic_bike,16.801078353,8717
2021-06-12,false,docked_bike,94.007423446,3233
2021-06-12,false,electric_bike,22.048090093,6571
2021-06-12,true,electric_bike,15.091383812,3830
2021-06-13,false,classic_bike,35.120157215,12467
2021-06-13,true,classic_bike,17.525195482,9208
2021-06-13,false,docked_bike,93.938953488,3440
2021-06-13,false,electric_bike,24.91632471,5605
2021-06-13,true,electric_bike,16.340132146,3481
2021-06-14,false,classic_bike,32.42575188,5320
2021-06-14,true,classic_bike,14.463020214,8410
2021-06-14,false,docked_bike,54.402029169,1577
2021-06-14,false,electric_bike,23.260686929,4047
2021-06-14,true,electric_bike,13.084913438,3639
2021-06-15,false,classic_bike,27.511707596,5253
2021-06-15,true,classic_bike,13.861867071,9223
2021-06-15,false,docked_bike,118.638237385,1407
2021-06-15,false,electric_bike,20.84331116,4059
2021-06-15,true,electric_bike,12.60326087,3864
2021-06-16,false,classic_bike,29.051934472,5738
2021-06-16,true,classic_bike,14.382765326,9771
2021-06-16,false,docked_bike,87.281553398,1442
2021-06-16,false,electric_bike,20.694696608,4186
2021-06-16,true,electric_bike,13.064642507,4084
2021-06-17,false,classic_bike,29.483469722,6110
2021-06-17,true,classic_bike,14.021597348,9353
2021-06-17,false,docked_bike,101.429099877,1622
2021-06-17,false,electric_bike,20.133762058,4665
2021-06-17,true,electric_bike,13.063507337,4157
2021-06-18,false,classic_bike,28.666102923,8278
2021-06-18,true,classic_bike,14.476153332,8974
2021-06-18,false,docked_bike,65.749197616,2181
2021-06-18,false,electric_bike,21.069138495,4585
2021-06-18,true,electric_bike,14.119592174,3629
2021-06-19,false,classic_bike,31.043812734,13649
2021-06-19,true,classic_bike,16.601392954,9907
2021-06-19,false,docked_bike,90.465982405,3410
2021-06-19,false,electric_bike,23.955095957,5367
2021-06-19,true,electric_bike,16.422568322,3403
2021-06-20,false,classic_bike,31.887143052,7319
2021-06-20,true,classic_bike,15.949785476,6293
2021-06-20,false,docked_bike,124.142857143,1988
2021-06-20,false,electric_bike,21.579224195,3042
2021-06-20,true,electric_bike,15.069894929,2189
2021-06-21,false,classic_bike,27.720945647,4526
2021-06-21,true,classic_bike,13.292455149,8138
2021-06-21,false,docked_bike,78.785475793,1198
2021-06-21,false,electric_bike,19.182356105,3718
2021-06-21,true,electric_bike,12.682832736,3629
2021-06-22,false,classic_bike,29.614070169,5501
2021-06-22,true,classic_bike,14.582739172,9397
2021-06-22,false,docked_bike,61.661952862,1485
2021-06-22,false,electric_bike,20.289644375,4471
2021-06-22,true,electric_bike,13.047585724,4287
2021-06-23,false,classic_bike,26.085862466,5206
2021-06-23,true,classic_bike,13.452894563,9086
2021-06-23,false,docked_bike,65.748410536,1101
2021-06-23,false,electric_bike,19.795454545,4004
2021-06-23,true,electric_bike,12.727294803,4118
2021-06-24,false,classic_bike,27.057362075,2737
2021-06-24,true,classic_bike,12.570800203,5911
2021-06-24,false,docked_bike,80.047368421,570
2021-06-24,false,electric_bike,17.176250934,2678
2021-06-24,true,electric_bike,11.236001265,3161
2021-06-25,false,classic_bike,30.695812484,3797
2021-06-25,true,classic_bike,15.114698063,5266
2021-06-25,false,docked_bike,90.53887114,939
2021-06-25,false,electric_bike,19.70755814,3440
2021-06-25,true,electric_bike,12.916908213,3105
2021-06-26,false,classic_bike,27.768267223,3832
2021-06-26,true,classic_bike,14.139592037,4069
2021-06-26,false,docked_bike,126.088733799,1003
2021-06-26,false,electric_bike,17.911905522,3133
2021-06-26,true,electric_bike,13.073547848,2393
2021-06-27,false,classic_bike,32.385346308,8735
2021-06-27,true,classic_bike,16.556740196,8160
2021-06-27,false,docked_bike,88.030291411,2608
2021-06-27,false,electric_bike,24.06587057,5192
2021-06-27,true,electric_bike,15.963005449,3487
2021-06-28,false,classic_bike,26.104166667,3024
2021-06-28,true,classic_bike,12.636793196,6349
2021-06-28,false,docked_bike,54.920245399,815
2021-06-28,false,electric_bike,18.626077586,2784
2021-06-28,true,electric_bike,12.302069858,3092
2021-06-29,false,classic_bike,25.843813387,3451
2021-06-29,true,classic_bike,13.737446809,7050
2021-06-29,false,docked_bike,59.61608154,883
2021-06-29,false,electric_bike,18.530086957,2875
2021-06-29,true,electric_bike,12.63372818,3208
2021-06-30,false,classic_bike,27.967411796,3713
2021-06-30,true,classic_bike,13.457590696,7911
2021-06-30,false,docked_bike,48.977453581,754
2021-06-30,false,electric_bike,17.995047754,2827
2021-06-30,true,electric_bike,12.693543588,3361
2021-07-01,false,classic_bike,27.261586673,6063
2021-07-01,true,classic_bike,13.658360302,9270
2021-07-01,false,docked_bike,69.866462011,1303
2021-07-01,false,electric_bike,20.031241864,3841
2021-07-01,true,electric_bike,13.445649367,3873
2021-07-02,false,classic_bike,27.963682792,7049
2021-07-02,true,classic_bike,13.527626549,8633
2021-07-02,false,docked_bike,79.614485981,1712
2021-07-02,false,electric_bike,20.485927152,4832
2021-07-02,true,electric_bike,13.525220372,4084
2021-07-03,false,classic_bike,31.889038219,11905
2021-07-03,true,classic_bike,17.038309284,7831
2021-07-03,false,docked_bike,90.983766234,3388
2021-07-03,false,electric_bike,24.951620948,6015
2021-07-03,true,electric_bike,15.596827297,3341
2021-07-04,false,classic_bike,34.234206832,12822
2021-07-04,true,classic_bike,17.419336136,6899
2021-07-04,false,docked_bike,100.880374305,3954
2021-07-04,false,electric_bike,26.050040617,6155
2021-07-04,true,electric_bike,16.410855376,2911
2021-07-05,false,classic_bike,35.816750562,9337
2021-07-05,true,classic_bike,16.940103458,7346
2021-07-05,false,docked_bike,113.471570718,2814
2021-07-05,false,electric_bike,24.826279637,4513
2021-07-05,true,electric_bike,15.367487328,2762
2021-07-06,false,classic_bike,27.528834137,5601
2021-07-06,true,classic_bike,13.553800224,8039
2021-07-06,false,docked_bike,56.117148906,1417
2021-07-06,false,electric_bike,20.941595769,4349
2021-07-06,true,electric_bike,12.893284748,3842
2021-07-07,false,classic_bike,26.202070552,5216
2021-07-07,true,classic_bike,12.958454106,8280
2021-07-07,false,docked_bike,75.988352745,1202
2021-07-07,false,electric_bike,19.911692759,4088
2021-07-07,true,electric_bike,12.855816353,3877
2021-07-08,false,classic_bike,23.01987852,5433
2021-07-08,true,classic_bike,13.193191489,8225
2021-07-08,false,docked_bike,248.150197628,1012
2021-07-08,false,electric_bike,18.119421907,3944
2021-07-08,true,electric_bike,12.749372805,3986
2021-07-09,false,classic_bike,29.024022282,8617
2021-07-09,true,classic_bike,14.783958037,9151
2021-07-09,false,docked_bike,87.971610377,2043
2021-07-09,false,electric_bike,21.432172407,5197
2021-07-09,true,electric_bike,13.827896787,4108
2021-07-10,false,classic_bike,28.308394161,8220
2021-07-10,true,classic_bike,15.460674157,6586
2021-07-10,false,docked_bike,92.182805857,2117
2021-07-10,false,electric_bike,21.298640612,4708
2021-07-10,true,electric_bike,14.497692815,3034
2021-07-11,false,classic_bike,26.64194221,3357
2021-07-11,true,classic_bike,13.888134673,3683
2021-07-11,false,docked_bike,80.095183486,872
2021-07-11,false,electric_bike,18.085724162,2893
2021-07-11,true,electric_bike,13.130513051,2222
2021-07-12,false,classic_bike,28.057434112,4022
2021-07-12,true,classic_bike,12.533515732,7310
2021-07-12,false,docked_bike,87.693172691,1245
2021-07-12,false,electric_bike,19.639273356,3468
2021-07-12,true,electric_bike,11.847311828,3720
2021-07-13,false,classic_bike,26.052093973,4895
2021-07-13,true,classic_bike,13.305233579,8541
2021-07-13,false,docked_bike,69.960515021,1165
2021-07-13,false,electric_bike,19.186199899,3942
2021-07-13,true,electric_bike,11.924757884,4027
2021-07-14,false,classic_bike,25.878040306,5756
2021-07-14,true,classic_bike,13.26275729,9328
2021-07-14,false,docked_bike,63.501381215,1448
2021-07-14,false,electric_bike,20.175844097,4413
2021-07-14,true,electric_bike,12.608633437,4193
2021-07-15,false,classic_bike,23.87856072,4669
2021-07-15,true,classic_bike,12.84054019,7701
2021-07-15,false,docked_bike,75.276595745,987
2021-07-15,false,electric_bike,17.821843742,3699
2021-07-15,true,electric_bike,12.100200401,3493
2021-07-16,false,classic_bike,23.925163875,5492
2021-07-16,true,classic_bike,13.072448715,7702
2021-07-16,false,docked_bike,101.457380457,1443
2021-07-16,false,electric_bike,18.367944398,4748
2021-07-16,true,electric_bike,12.682755389,4268
2021-07-17,false,classic_bike,30.213758844,13286
2021-07-17,true,classic_bike,15.463447986,9507
2021-07-17,false,docked_bike,61.457984407,3463
2021-07-17,false,electric_bike,23.109020817,6485
2021-07-17,true,electric_bike,14.841191067,4030
2021-07-18,false,classic_bike,30.478759034,11346
2021-07-18,true,classic_bike,16.30207962,8415
2021-07-18,false,docked_bike,77.947934745,2881
2021-07-18,false,electric_bike,25.620294012,5578
2021-07-18,true,electric_bike,16.073453215,3281
2021-07-19,false,classic_bike,27.203032544,5408
2021-07-19,true,classic_bike,14.153624234,8319
2021-07-19,false,docked_bike,80.130599369,1585
2021-07-19,false,electric_bike,21.122344151,4283
2021-07-19,true,electric_bike,13.018612953,3922
2021-07-20,false,classic_bike,25.471045808,5785
2021-07-20,true,classic_bike,13.163875986,9257
2021-07-20,false,docked_bike,58.099713056,1394
2021-07-20,false,electric_bike,19.81733871,4960
2021-07-20,true,electric_bike,12.786995516,4460
2021-07-21,false,classic_bike,26.493825043,5830
2021-07-21,true,classic_bike,13.169518047,9586
2021-07-21,false,docked_bike,50.757624398,1246
2021-07-21,false,electric_bike,19.271894811,4259
2021-07-21,true,electric_bike,13.137557215,4151
2021-07-22,false,classic_bike,24.365611421,6444
2021-07-22,true,classic_bike,13.011322281,9892
2021-07-22,false,docked_bike,63.27372549,1275
2021-07-22,false,electric_bike,20.07110147,4149
2021-07-22,true,electric_bike,13.070668693,3948
2021-07-23,false,classic_bike,26.079542321,7254
2021-07-23,true,classic_bike,13.693368196,8414
2021-07-23,false,docked_bike,64.253164557,1659
2021-07-23,false,electric_bike,20.013411205,4623
2021-07-23,true,electric_bike,13.817098446,3860
2021-07-24,false,classic_bike,27.85154656,12253
2021-07-24,true,classic_bike,15.077934497,8366
2021-07-24,false,docked_bike,78.566291319,2753
2021-07-24,false,electric_bike,22.124330118,4665
2021-07-24,true,electric_bike,14.863607189,3116
2021-07-25,false,classic_bike,29.539898563,11830
2021-07-25,true,classic_bike,15.524605069,8799
2021-07-25,false,docked_bike,57.561164333,2714
2021-07-25,false,electric_bike,23.92394822,4326
2021-07-25,true,electric_bike,16.033272395,2735
2021-07-26,false,classic_bike,28.095652174,6325
2021-07-26,true,classic_bike,13.296940871,9251
2021-07-26,false,docked_bike,59.550393138,1399
2021-07-26,false,electric_bike,20.531731362,3246
2021-07-26,true,electric_bike,13.310979619,3042
2021-07-27,false,classic_bike,25.47361068,6442
2021-07-27,true,classic_bike,13.413299233,9775
2021-07-27,false,docked_bike,68.49031171,1187
2021-07-27,false,electric_bike,19.529991783,3651
2021-07-27,true,electric_bike,13.603262372,3617
2021-07-28,false,classic_bike,23.927951018,7023
2021-07-28,true,classic_bike,12.937739961,9637
2021-07-28,false,docked_bike,87.374555792,1407
2021-07-28,false,electric_bike,19.468379447,4048
2021-07-28,true,electric_bike,13.135487374,3683
2021-07-29,false,classic_bike,23.835111663,8060
2021-07-29,true,classic_bike,13.44540891,9562
2021-07-29,false,docked_bike,61.387387387,1443
2021-07-29,false,electric_bike,20.240805369,3725
2021-07-29,true,electric_bike,13.74552917,3411
2021-07-30,false,classic_bike,27.238273097,9103
2021-07-30,true,classic_bike,13.256778493,8704
2021-07-30,false,docked_bike,51.148190695,1741
2021-07-30,false,electric_bike,20.272710555,5438
2021-07-30,true,electric_bike,13.660395332,4199
2021-07-31,false,classic_bike,29.376951298,13901
2021-07-31,true,classic_bike,16.340550539,9191
2021-07-31,false,docked_bike,72.286317842,3077
2021-07-31,false,electric_bike,23.316476054,5596
2021-07-31,true,electric_bike,15.55455339,3437
2021-08-01,false,classic_bike,29.944930708,10968
2021-08-01,true,classic_bike,15.920933832,7753
2021-08-01,false,docked_bike,86.064872021,2266
2021-08-01,false,electric_bike,23.703338807,5481
2021-08-01,true,electric_bike,15.663043478,3128
2021-08-02,false,classic_bike,28.051002462,5686
2021-08-02,true,classic_bike,13.501271648,8257
2021-08-02,false,docked_bike,52.309891808,1294
2021-08-02,false,electric_bike,21.401960784,4080
2021-08-02,true,electric_bike,13.634535941,3631
2021-08-03,false,classic_bike,26.237421961,5446
2021-08-03,true,classic_bike,13.563153751,8891
2021-08-03,false,docked_bike,70.844734819,1301
2021-08-03,false,electric_bike,21.723893805,4520
2021-08-03,true,electric_bike,13.099788683,4259
2021-08-04,false,classic_bike,25.702401671,5746
2021-08-04,true,classic_bike,13.277034437,9118
2021-08-04,false,docked_bike,49.523505976,1255
2021-08-04,false,electric_bike,20.239772727,4400
2021-08-04,true,electric_bike,13.202895221,4352
2021-08-05,false,classic_bike,24.978684807,6615
2021-08-05,true,classic_bike,13.32688172,9300
2021-08-05,false,docked_bike,50.466717674,1307
2021-08-05,false,electric_bike,19.850505051,4455
2021-08-05,true,electric_bike,13.368922784,4196
2021-08-06,false,classic_bike,27.233097631,8061
2021-08-06,true,classic_bike,13.067674419,8600
2021-08-06,false,docked_bike,64.835323696,1591
2021-08-06,false,electric_bike,20.134598411,4532
2021-08-06,true,electric_bike,13.480183338,3709
2021-08-07,false,classic_bike,28.841585607,13673
2021-08-07,true,classic_bike,16.144087193,9175
2021-08-07,false,docked_bike,54.630372493,2792
2021-08-07,false,electric_bike,22.417155302,5969
2021-08-07,true,electric_bike,16.498417266,3475
2021-08-08,false,classic_bike,30.013495135,9559
2021-08-08,true,classic_bike,15.91916046,7385
2021-08-08,false,docked_bike,65.917801556,2056
2021-08-08,false,electric_bike,22.790655705,4987
2021-08-08,true,electric_bike,15.964021844,3113
2021-08-09,false,classic_bike,25.125715844,3667
2021-08-09,true,classic_bike,12.662894861,6363
2021-08-09,false,docked_bike,75.608127721,689
2021-08-09,false,electric_bike,19.57004519,3098
2021-08-09,true,electric_bike,12.033663366,3030
2021-08-10,false,classic_bike,23.274353877,4527
2021-08-10,true,classic_bike,12.707990376,7897
2021-08-10,false,docked_bike,60.884965831,878
2021-08-10,false,electric_bike,19.011370262,3430
2021-08-10,true,electric_bike,12.494929577,3550
2021-08-11,false,classic_bike,22.237895619,4771
2021-08-11,true,classic_bike,12.889319704,8511
2021-08-11,false,docked_bike,75.013651877,879
2021-08-11,false,electric_bike,18.15909793,3237
2021-08-11,true,electric_bike,13.002553916,3524
2021-08-12,false,classic_bike,24.430890228,5976
2021-08-12,true,classic_bike,12.809949931,9387
2021-08-12,false,docked_bike,51.380692168,1098
2021-08-12,false,electric_bike,20.05149413,3748
2021-08-12,true,electric_bike,12.987742303,3508
2021-08-13,false,classic_bike,24.680788539,8167
2021-08-13,true,classic_bike,13.729293765,9671
2021-08-13,false,docked_bike,47.251977401,1770
2021-08-13,false,electric_bike,21.012426422,4587
2021-08-13,true,electric_bike,13.812240917,4101
2021-08-14,false,classic_bike,30.022142953,14858
2021-08-14,true,classic_bike,16.642076503,10614
2021-08-14,false,docked_bike,63.394482264,2791
2021-08-14,false,electric_bike,23.33744856,5103
2021-08-14,true,electric_bike,16.645318782,3482
2021-08-15,false,classic_bike,29.146824695,11306
2021-08-15,true,classic_bike,16.516418589,8801
2021-08-15,false,docked_bike,58.717483108,2368
2021-08-15,false,electric_bike,25.162507369,5089
2021-08-15,true,electric_bike,16.825650118,3384
2021-08-16,false,classic_bike,26.687123494,5312
2021-08-16,true,classic_bike,14.007570464,8586
2021-08-16,false,docked_bike,70.472809668,1324
2021-08-16,false,electric_bike,21.100551655,3988
2021-08-16,true,electric_bike,13.563659466,3935
2021-08-17,false,classic_bike,25.645984081,5528
2021-08-17,true,classic_bike,13.399916204,9547
2021-08-17,false,docked_bike,49.106210621,1111
2021-08-17,false,electric_bike,19.141328144,4111
2021-08-17,true,electric_bike,13.065017668,4245
2021-08-18,false,classic_bike,25.909960422,6064
2021-08-18,true,classic_bike,12.87482088,9770
2021-08-18,false,docked_bike,52.509259259,1080
2021-08-18,false,electric_bike,19.321568627,3825
2021-08-18,true,electric_bike,13.778834431,4101
2021-08-19,false,classic_bike,23.37203125,6400
2021-08-19,true,classic_bike,12.768675722,9424
2021-08-19,false,docked_bike,50.851225697,1183
2021-08-19,false,electric_bike,19.266001024,3906
2021-08-19,true,electric_bike,13.001793952,3902
2021-08-20,false,classic_bike,26.170454545,8360
2021-08-20,true,classic_bike,13.792172433,8815
2021-08-20,false,docked_bike,60.835316218,1597
2021-08-20,false,electric_bike,20.262853727,5018
2021-08-20,true,electric_bike,14.021075581,4128
2021-08-21,false,classic_bike,29.065149336,11819
2021-08-21,true,classic_bike,16.195796594,8279
2021-08-21,false,docked_bike,51.669761273,2262
2021-08-21,false,electric_bike,22.193358634,5270
2021-08-21,true,electric_bike,15.15952598,3291
2021-08-22,false,classic_bike,32.785951974,11119
2021-08-22,true,classic_bike,16.467268888,8524
2021-08-22,false,docked_bike,54.041921397,2290
2021-08-22,false,electric_bike,25.195952922,4843
2021-08-22,true,electric_bike,16.815324165,3054
2021-08-23,false,classic_bike,26.236405266,5241
2021-08-23,true,classic_bike,12.905017716,8749
2021-08-23,false,docked_bike,70.164432529,1119
2021-08-23,false,electric_bike,21.747393365,4220
2021-08-23,true,electric_bike,13.138740117,3921
2021-08-24,false,classic_bike,25.728064717,3214
2021-08-24,true,classic_bike,11.438381536,7019
2021-08-24,false,docked_bike,61.459219858,564
2021-08-24,false,electric_bike,16.445086705,2941
2021-08-24,true,electric_bike,11.138255416,3508
2021-08-25,false,classic_bike,21.535654663,4193
2021-08-25,true,classic_bike,12.102657888,8202
2021-08-25,false,docked_bike,54.905063291,632
2021-08-25,false,electric_bike,17.389001447,3455
2021-08-25,true,electric_bike,11.686586639,3832
2021-08-26,false,classic_bike,29.728785632,6069
2021-08-26,true,classic_bike,13.419915647,9721
2021-08-26,false,docked_bike,65.824596774,992
2021-08-26,false,electric_bike,19.129716981,4664
2021-08-26,true,electric_bike,12.991642196,4427
2021-08-27,false,classic_bike,24.899579319,7369
2021-08-27,true,classic_bike,13.168809009,8791
2021-08-27,false,docked_bike,51.910769231,1300
2021-08-27,false,electric_bike,19.448353716,5315
2021-08-27,true,electric_bike,12.88412489,4548
2021-08-28,false,classic_bike,28.489518205,10876
2021-08-28,true,classic_bike,15.12768993,8411
2021-08-28,false,docked_bike,51.838258165,1929
2021-08-28,false,electric_bike,21.771102377,5343
2021-08-28,true,electric_bike,14.942492013,3756
2021-08-29,false,classic_bike,28.394882155,7425
2021-08-29,true,classic_bike,14.238921002,7266
2021-08-29,false,docked_bike,59.772099448,1448
2021-08-29,false,electric_bike,22.323080709,4064
2021-08-29,true,electric_bike,14.643561104,3044
2021-08-30,false,classic_bike,24.990663488,5034
2021-08-30,true,classic_bike,12.495898416,8899
2021-08-30,false,docked_bike,46.947084233,926
2021-08-30,false,electric_bike,19.945341263,3531
2021-08-30,true,electric_bike,13.073029264,3793
2021-08-31,false,classic_bike,20.398818639,4571
2021-08-31,true,classic_bike,12.400641711,9350
2021-08-31,false,docked_bike,45.037087912,728
2021-08-31,false,electric_bike,17.855702095,3867
2021-08-31,true,electric_bike,12.4019896,4423
2021-09-01,false,classic_bike,21.896248018,5677
2021-09-01,true,classic_bike,12.842024096,10375
2021-09-01,false,docked_bike,47.696644295,745
2021-09-01,false,electric_bike,18.756149167,3781
2021-09-01,true,electric_bike,13.103120429,4102
2021-09-02,false,classic_bike,23.839563065,5859
2021-09-02,true,classic_bike,13.200743494,9684
2021-09-02,false,docked_bike,76.911209767,901
2021-09-02,false,electric_bike,19.294965787,4092
2021-09-02,true,electric_bike,13.156196529,4091
2021-09-03,false,classic_bike,24.063628832,6035
2021-09-03,true,classic_bike,13.450127877,7820
2021-09-03,false,docked_bike,68.649586777,1210
2021-09-03,false,electric_bike,18.617354824,4529
2021-09-03,true,electric_bike,12.590719371,4073
2021-09-04,false,classic_bike,28.899897013,9710
2021-09-04,true,classic_bike,14.635995532,7162
2021-09-04,false,docked_bike,66.54679803,2233
2021-09-04,false,electric_bike,21.785228183,4996
2021-09-04,true,electric_bike,14.929016929,3367
2021-09-05,false,classic_bike,32.332159624,12780
2021-09-05,true,classic_bike,16.837568058,7714
2021-09-05,false,docked_bike,96.587398374,2952
2021-09-05,false,electric_bike,26.346344048,5662
2021-09-05,true,electric_bike,16.382848392,3265
2021-09-06,false,classic_bike,32.433821418,10449
2021-09-06,true,classic_bike,16.349667349,7816
2021-09-06,false,docked_bike,78.033453888,2212
2021-09-06,false,electric_bike,25.240172956,5088
2021-09-06,true,electric_bike,16.719595696,3067
2021-09-07,false,classic_bike,23.085346216,3726
2021-09-07,true,classic_bike,12.114058009,7654
2021-09-07,false,docked_bike,49.72826087,644
2021-09-07,false,electric_bike,17.063074097,3266
2021-09-07,true,electric_bike,11.828756477,3860
2021-09-08,false,classic_bike,23.36995559,5179
2021-09-08,true,classic_bike,13.258538017,10219
2021-09-08,false,docked_bike,61.675745785,771
2021-09-08,false,electric_bike,17.828602035,3734
2021-09-08,true,electric_bike,13.057943481,4211
2021-09-09,false,classic_bike,21.458340864,5533
2021-09-09,true,classic_bike,13.002794411,10020
2021-09-09,false,docked_bike,56.257180157,766
2021-09-09,false,electric_bike,17.632682927,4100
2021-09-09,true,electric_bike,12.981736189,4435
2021-09-10,false,classic_bike,23.949103943,6975
2021-09-10,true,classic_bike,13.422798363,9527
2021-09-10,false,docked_bike,61.50474547,1159
2021-09-10,false,electric_bike,19.163858093,4510
2021-09-10,true,electric_bike,13.793048614,4402
2021-09-11,false,classic_bike,28.853530575,11627
2021-09-11,true,classic_bike,14.867655016,9241
2021-09-11,false,docked_bike,65.360053739,2233
2021-09-11,false,electric_bike,22.166635979,5431
2021-09-11,true,electric_bike,14.730738681,3777
2021-09-12,false,classic_bike,29.516973368,8749
2021-09-12,true,classic_bike,14.654194471,8392
2021-09-12,false,docked_bike,60.943589744,1755
2021-09-12,false,electric_bike,21.816546763,4448
2021-09-12,true,electric_bike,14.594312796,3165
2021-09-13,false,classic_bike,25.544802867,4185
2021-09-13,true,classic_bike,12.834050972,8593
2021-09-13,false,docked_bike,64.770378875,871
2021-09-13,false,electric_bike,19.286700292,3767
2021-09-13,true,electric_bike,12.801442308,4160
2021-09-14,false,classic_bike,22.132071413,4649
2021-09-14,true,classic_bike,12.337320089,9866
2021-09-14,false,docked_bike,45.335092348,758
2021-09-14,false,electric_bike,18.002542373,3540
2021-09-14,true,electric_bike,12.517966903,4230
2021-09-15,false,classic_bike,24.311254806,5722
2021-09-15,true,classic_bike,12.543026427,10633
2021-09-15,false,docked_bike,82.455457967,797
2021-09-15,false,electric_bike,18.472712007,3573
2021-09-15,true,electric_bike,13.267371202,3785
2021-09-16,false,classic_bike,23.66286645,6754
2021-09-16,true,classic_bike,13.489263361,10385
2021-09-16,false,docked_bike,59.807017544,969
2021-09-16,false,electric_bike,19.038727524,4338
2021-09-16,true,electric_bike,13.197522368,4359
2021-09-17,false,classic_bike,26.683296582,7256
2021-09-17,true,classic_bike,13.977851606,9030
2021-09-17,false,docked_bike,62.389992642,1359
2021-09-17,false,electric_bike,19.467287785,4830
2021-09-17,true,electric_bike,13.982629674,4145
2021-09-18,false,classic_bike,29.392641844,11280
2021-09-18,true,classic_bike,15.574094523,9056
2021-09-18,false,docked_bike,54.3215169,2426
2021-09-18,false,electric_bike,22.674185889,5896
2021-09-18,true,electric_bike,15.270179081,3853
2021-09-19,false,classic_bike,30.725039536,9485
2021-09-19,true,classic_bike,17.28548427,8074
2021-09-19,false,docked_bike,49.630182421,1809
2021-09-19,false,electric_bike,22.521361198,5407
2021-09-19,true,electric_bike,15.228162028,3629
2021-09-20,false,classic_bike,25.332049519,3635
2021-09-20,true,classic_bike,11.944732074,7726
2021-09-20,false,docked_bike,43.261904762,672
2021-09-20,false,electric_bike,17.572398805,3681
2021-09-20,true,electric_bike,12.295994065,4044
2021-09-21,false,classic_bike,20.352467271,2979
2021-09-21,true,classic_bike,11.461486486,7400
2021-09-21,false,docked_bike,73.553571429,392
2021-09-21,false,electric_bike,16.445553822,3205
2021-09-21,true,electric_bike,11.573605308,4069
2021-09-22,false,classic_bike,19.119970739,2734
2021-09-22,true,classic_bike,11.792789059,7239
2021-09-22,false,docked_bike,45.494845361,291
2021-09-22,false,electric_bike,14.561148529,2821
2021-09-22,true,electric_bike,11.315734449,3826
2021-09-23,false,classic_bike,22.432217344,3644
2021-09-23,true,classic_bike,11.474897119,8505
2021-09-23,false,docked_bike,41.309859155,426
2021-09-23,false,electric_bike,15.79028133,3519
2021-09-23,true,electric_bike,12.114750344,4366
2021-09-24,false,classic_bike,23.836203927,5806
2021-09-24,true,classic_bike,13.227636535,8496
2021-09-24,false,docked_bike,54.979830149,942
2021-09-24,false,electric_bike,17.49946225,4649
2021-09-24,true,electric_bike,13.179828326,4660
2021-09-25,false,classic_bike,27.252858034,9622
2021-09-25,true,classic_bike,14.847377939,8295
2021-09-25,false,docked_bike,52.87817522,1929
2021-09-25,false,electric_bike,21.061843443,5902
2021-09-25,true,electric_bike,14.494877293,4197
2021-09-26,false,classic_bike,29.718843599,7679
2021-09-26,true,classic_bike,15.56543177,7504
2021-09-26,false,docked_bike,59.680589681,1628
2021-09-26,false,electric_bike,22.16562385,5434
2021-09-26,true,electric_bike,14.256013746,4074
2021-09-27,false,classic_bike,25.514415376,3746
2021-09-27,true,classic_bike,13.113362277,8292
2021-09-27,false,docked_bike,59.026587888,677
2021-09-27,false,electric_bike,18.343283582,3953
2021-09-27,true,electric_bike,12.148249684,4742
2021-09-28,false,classic_bike,23.02603453,3649
2021-09-28,true,classic_bike,12.498895516,9054
2021-09-28,false,docked_bike,51.599616858,522
2021-09-28,false,electric_bike,17.075048733,4104
2021-09-28,true,electric_bike,11.924498624,5086
2021-09-29,false,classic_bike,23.748524203,4235
2021-09-29,true,classic_bike,12.460309331,9763
2021-09-29,false,docked_bike,46.122772277,505
2021-09-29,false,electric_bike,16.874013744,3929
2021-09-29,true,electric_bike,12.627755616,4763
2021-09-30,false,classic_bike,23.225928555,4227
2021-09-30,true,classic_bike,12.157486911,9550
2021-09-30,false,docked_bike,44.278276481,557
2021-09-30,false,electric_bike,17.678867403,4344
2021-09-30,true,electric_bike,12.472293433,5071