YEAR_MONTH,QUARTER,DAYOFWEEK,day,IS_MEMBER,AVG_DURATION,COUNT
2020-10,4,5,2020-10-01,false,21.910153846,3250
2020-10,4,6,2020-10-02,false,34.679213164,5287
2020-10,4,7,2020-10-03,false,30.586472727,6875
2020-10,4,1,2020-10-04,false,30.699568594,5795
2020-10,4,2,2020-10-05,false,27.562370062,3848
2020-10,4,3,2020-10-06,false,33.006977183,5303
2020-10,4,4,2020-10-07,false,30.18382714,6109
2020-10,4,5,2020-10-08,false,26.071590711,5727
2020-10,4,6,2020-10-09,false,31.483142425,9254
2020-10,4,7,2020-10-10,false,39.608161765,13600
2020-10,4,1,2020-10-11,false,37.186259245,10276
2020-10,4,2,2020-10-12,false,25.967536814,2988
2020-10,4,3,2020-10-13,false,26.817744419,5196
2020-10,4,4,2020-10-14,false,26.059184481,5052
2020-10,4,5,2020-10-15,false,21.283678756,3860
2020-10,4,6,2020-10-16,false,40.83446273,4132
2020-10,4,7,2020-10-17,false,33.821644151,6958
2020-10,4,1,2020-10-18,false,27.562364425,1844
2020-10,4,2,2020-10-19,false,24.463360882,1815
2020-10,4,3,2020-10-20,false,30.63869258,2264
2020-10,4,4,2020-10-21,false,21.912707182,2715
2020-10,4,5,2020-10-22,false,29.171055593,4443
2020-10,4,6,2020-10-23,false,20.08615222,1892
2020-10,4,7,2020-10-24,false,28.943108057,5238
2020-10,4,1,2020-10-25,false,30.346415328,3236
2020-10,4,2,2020-10-26,false,16.126031508,1333
2020-10,4,3,2020-10-27,false,20.987694832,1219
2020-10,4,4,2020-10-28,false,24.165697674,2408
2020-10,4,5,2020-10-29,false,16.470772443,1916
2020-10,4,6,2020-10-30,false,20.304054054,2664
2020-10,4,7,2020-10-31,false,30.485529954,5425
2020-11,4,1,2020-11-01,false,28.516309888,1962
2020-11,4,2,2020-11-02,false,23.395067942,1987
2020-11,4,3,2020-11-03,false,32.05505341,3651
2020-11,4,4,2020-11-04,false,28.13397642,3732
2020-11,4,5,2020-11-05,false,34.585945399,3956
2020-11,4,6,2020-11-06,false,33.322270322,6237
2020-11,4,7,2020-11-07,false,38.689583831,12567
2020-11,4,1,2020-11-08,false,44.343483425,9261
2020-11,4,2,2020-11-09,false,33.212348178,4940
2020-11,4,3,2020-11-10,false,25.740580848,2548
2020-11,4,4,2020-11-11,false,22.163078333,2183
2020-11,4,5,2020-11-12,false,20.833685099,2369
2020-11,4,6,2020-11-13,false,23.931050023,2219
2020-11,4,7,2020-11-14,false,29.655901116,2508
2020-11,4,1,2020-11-15,false,43.857142857,973
2020-11,4,2,2020-11-16,false,19.959359606,1624
2020-11,4,3,2020-11-17,false,18.92379583,1391
2020-11,4,4,2020-11-18,false,21.562909958,1677
2020-11,4,5,2020-11-19,false,24.661797753,2670
2020-11,4,6,2020-11-20,false,27.707154742,3005
2020-11,4,7,2020-11-21,false,26.994799406,2692
2020-11,4,1,2020-11-22,false,28.713570982,1599
2020-11,4,2,2020-11-23,false,25.948701299,1540
2020-11,4,3,2020-11-24,false,25.460500963,519
2020-11,4,4,2020-11-25,false,22.214814815,675
2020-11,4,5,2020-11-26,false,32.273879966,1183
2020-11,4,6,2020-11-27,false,30.967632027,1761
2020-11,4,7,2020-11-28,false,37.795446585,2855
2020-11,4,1,2020-11-29,false,27.231069042,1796
2020-11,4,2,2020-11-30,false,16.029230769,650
2020-12,4,3,2020-12-01,false,22.665338645,753
2020-12,4,4,2020-12-02,false,20.202425373,1072
2020-12,4,5,2020-12-03,false,20.448695652,1150
2020-12,4,6,2020-12-04,false,22.601293103,1392
2020-12,4,7,2020-12-05,false,29.007808143,1793
2020-12,4,1,2020-12-06,false,28.413194444,1152
2020-12,4,2,2020-12-07,false,21.065192084,859
2020-12,4,3,2020-12-08,false,16.407730673,802
2020-12,4,4,2020-12-09,false,23.908536585,1476
2020-12,4,5,2020-12-10,false,24.298477157,1970
2020-12,4,6,2020-12-11,false,18.373071529,713
2020-12,4,7,2020-12-12,false,18.861878453,543
2020-12,4,1,2020-12-13,false,51.727081875,1429
2020-12,4,2,2020-12-14,false,17.698412698,819
2020-12,4,3,2020-12-15,false,22.456806283,764
2020-12,4,4,2020-12-16,false,18.878834356,652
2020-12,4,5,2020-12-17,false,20.559774965,711
2020-12,4,6,2020-12-18,false,21.998118532,1063
2020-12,4,7,2020-12-19,false,28.418791946,1490
2020-12,4,1,2020-12-20,false,33.398513011,1345
2020-12,4,2,2020-12-21,false,27.160185185,1080
2020-12,4,3,2020-12-22,false,22.727525487,1079
2020-12,4,4,2020-12-23,false,22.72,1050
2020-12,4,5,2020-12-24,false,16.353612167,263
2020-12,4,6,2020-12-25,false,31.397727273,264
2020-12,4,7,2020-12-26,false,40.121212121,693
2020-12,4,1,2020-12-27,false,48.975460123,1141
2020-12,4,2,2020-12-28,false,24.739892183,742
2020-12,4,3,2020-12-29,false,20.664804469,537
2020-12,4,4,2020-12-30,false,24.54340836,311
2020-12,4,5,2020-12-31,false,36.384201077,557
2021-1,1,6,2021-01-01,false,42.014705882,272
2021-1,1,7,2021-01-02,false,66.625231911,539
2021-1,1,1,2021-01-03,false,27.535901926,571
2021-1,1,2,2021-01-04,false,17.190384615,520
2021-1,1,3,2021-01-05,false,27.974882261,637
2021-1,1,4,2021-01-06,false,25.883453237,695
2021-1,1,5,2021-01-07,false,19.726158038,734
2021-1,1,6,2021-01-08,false,20.306332842,679
2021-1,1,7,2021-01-09,false,30.35518732,1388
2021-1,1,1,2021-01-10,false,31.188544153,838
2021-1,1,2,2021-01-11,false,21.376425856,526
2021-1,1,3,2021-01-12,false,21.379943503,708
2021-1,1,4,2021-01-13,false,19.203947368,760
2021-1,1,5,2021-01-14,false,20.14920071,563
2021-1,1,6,2021-01-15,false,21.416458853,802
2021-1,1,7,2021-01-16,false,28.395981087,846
2021-1,1,1,2021-01-17,false,21.431630972,607
2021-1,1,2,2021-01-18,false,24.387254902,612
2021-1,1,3,2021-01-19,false,15.132791328,369
2021-1,1,4,2021-01-20,false,43.904891304,368
2021-1,1,5,2021-01-21,false,23.402654867,678
2021-1,1,6,2021-01-22,false,23.956340956,481
2021-1,1,7,2021-01-23,false,19.835234474,789
2021-1,1,1,2021-01-24,false,31.803418803,702
2021-1,1,2,2021-01-25,false,16.704260652,399
2021-1,1,3,2021-01-26,false,17.882758621,145
2021-1,1,4,2021-01-27,false,16.716101695,236
2021-1,1,5,2021-01-28,false,23.753709199,337
2021-1,1,6,2021-01-29,false,17.858439201,551
2021-1,1,7,2021-01-30,false,19.197402597,385
2021-1,1,1,2021-01-31,false,48.504761905,105
2021-2,1,2,2021-02-01,false,27.470355731,253
2021-2,1,3,2021-02-02,false,29.374558304,283
2021-2,1,4,2021-02-03,false,18.623595506,356
2021-2,1,5,2021-02-04,false,16.086294416,197
2021-2,1,6,2021-02-05,false,283.706293706,143
2021-2,1,7,2021-02-06,false,431.211864407,118
2021-2,1,1,2021-02-07,false,63.696202532,79
2021-2,1,2,2021-02-08,false,60.390243902,82
2021-2,1,3,2021-02-09,false,42.438848921,139
2021-2,1,4,2021-02-10,false,25.370629371,143
2021-2,1,5,2021-02-11,false,18.857954545,176
2021-2,1,6,2021-02-12,false,40.320689655,290
2021-2,1,7,2021-02-13,false,46.316176471,136
2021-2,1,1,2021-02-14,false,80.625,96
2021-2,1,2,2021-02-15,false,50.545454545,33
2021-2,1,3,2021-02-16,false,314.903846154,52
2021-2,1,4,2021-02-17,false,101.325301205,83
2021-2,1,5,2021-02-18,false,28.809090909,110
2021-2,1,6,2021-02-19,false,115.560810811,148
2021-2,1,7,2021-02-20,false,128.15,200
2021-2,1,1,2021-02-21,false,53.971751412,177
2021-2,1,2,2021-02-22,false,38.256157635,203
2021-2,1,3,2021-02-23,false,36.140077821,514
2021-2,1,4,2021-02-24,false,36.349904398,523
2021-2,1,5,2021-02-25,false,21.243636364,550
2021-2,1,6,2021-02-26,false,27.788395904,879
2021-2,1,7,2021-02-27,false,43.195506372,2982
2021-2,1,1,2021-02-28,false,37.237487733,1019
2021-3,1,2,2021-03-01,false,30.709342561,578
2021-3,1,3,2021-03-02,false,44.967213115,793
2021-3,1,4,2021-03-03,false,27.822237474,1457
2021-3,1,5,2021-03-04,false,39.230337079,712
2021-3,1,6,2021-03-05,false,29.253443526,1452
2021-3,1,7,2021-03-06,false,58.249056604,2650
2021-3,1,1,2021-03-07,false,37.786214953,2568
2021-3,1,2,2021-03-08,false,50.547572816,3090
2021-3,1,3,2021-03-09,false,36.674319274,3746
2021-3,1,4,2021-03-10,false,30.663602941,2176
2021-3,1,5,2021-03-11,false,26.946684588,2232
2021-3,1,6,2021-03-12,false,26.821867882,2195
2021-3,1,7,2021-03-13,false,40.777276966,6434
2021-3,1,1,2021-03-14,false,37.253222836,2172
2021-3,1,2,2021-03-15,false,19.509749304,359
2021-3,1,3,2021-03-16,false,23.150110375,906
2021-3,1,4,2021-03-17,false,29.04,800
2021-3,1,5,2021-03-18,false,35.748898678,908
2021-3,1,6,2021-03-19,false,34.701793722,2230
2021-3,1,7,2021-03-20,false,40.524277812,6508
2021-3,1,1,2021-03-21,false,45.632303156,9157
2021-3,1,2,2021-03-22,false,45.082897033,4584
2021-3,1,3,2021-03-23,false,25.840714286,1400
2021-3,1,4,2021-03-24,false,28.550096712,2585
2021-3,1,5,2021-03-25,false,27.651534527,1564
2021-3,1,6,2021-03-26,false,24.328961749,1830
2021-3,1,7,2021-03-27,false,38.550198255,6305
2021-3,1,1,2021-03-28,false,34.796615385,3250
2021-3,1,2,2021-03-29,false,42.049550945,3229
2021-3,1,3,2021-03-30,false,40.276686593,3513
2021-3,1,4,2021-03-31,false,26.4,1765
2021-4,2,5,2021-04-01,false,24.208819715,1542
2021-4,2,6,2021-04-02,false,62.673076923,3536
2021-4,2,7,2021-04-03,false,42.943483801,10988
2021-4,2,1,2021-04-04,false,57.100225687,9748
2021-4,2,2,2021-04-05,false,46.643984879,4497
2021-4,2,3,2021-04-06,false,50.591631908,7672
2021-4,2,4,2021-04-07,false,48.382769035,6291
2021-4,2,5,2021-04-08,false,26.428762542,1495
2021-4,2,6,2021-04-09,false,49.550572896,5062
2021-4,2,7,2021-04-10,false,31.165849309,2243
2021-4,2,1,2021-04-11,false,33.518613861,5050
2021-4,2,2,2021-04-12,false,32.839179008,3849
2021-4,2,3,2021-04-13,false,28.850476503,3043
2021-4,2,4,2021-04-14,false,29.236830257,2221
2021-4,2,5,2021-04-15,false,23.807416268,2508
2021-4,2,6,2021-04-16,false,35.644825919,4136
2021-4,2,7,2021-04-17,false,34.398955462,6893
2021-4,2,1,2021-04-18,false,34.927797834,6371
2021-4,2,2,2021-04-19,false,24.316176471,1768
2021-4,2,3,2021-04-20,false,21.329322356,1579
2021-4,2,4,2021-04-21,false,27.533998752,1603
2021-4,2,5,2021-04-22,false,25.467790987,3617
2021-4,2,6,2021-04-23,false,34.058845862,5268
2021-4,2,7,2021-04-24,false,30.647460404,7324
2021-4,2,1,2021-04-25,false,27.902837259,3736
2021-4,2,2,2021-04-26,false,36.579608939,5728
2021-4,2,3,2021-04-27,false,36.648295309,7802
2021-4,2,4,2021-04-28,false,22.725326992,1682
2021-4,2,5,2021-04-29,false,24.184700883,3059
2021-4,2,6,2021-04-30,false,28.758523953,4634
2021-5,2,7,2021-05-01,false,43.020034222,14026
2021-5,2,1,2021-05-02,false,52.634035326,14720
2021-5,2,2,2021-05-03,false,29.882828283,3465
2021-5,2,3,2021-05-04,false,27.03803132,2682
2021-5,2,4,2021-05-05,false,26.097868217,4128
2021-5,2,5,2021-05-06,false,23.58719791,3062
2021-5,2,6,2021-05-07,false,32.681615184,5374
2021-5,2,7,2021-05-08,false,40.241093729,7607
2021-5,2,1,2021-05-09,false,42.177749361,3128
2021-5,2,2,2021-05-10,false,24.921088435,2940
2021-5,2,3,2021-05-11,false,27.752432742,3494
2021-5,2,4,2021-05-12,false,26.000446728,4477
2021-5,2,5,2021-05-13,false,32.365864869,6527
2021-5,2,6,2021-05-14,false,36.469725343,9612
2021-5,2,7,2021-05-15,false,35.695110259,8344
2021-5,2,1,2021-05-16,false,46.110139603,13610
2021-5,2,2,2021-05-17,false,33.578965167,5914
2021-5,2,3,2021-05-18,false,27.893210283,4551
2021-5,2,4,2021-05-19,false,31.777606838,5850
2021-5,2,5,2021-05-20,false,36.334338022,8958
2021-5,2,6,2021-05-21,false,36.78392,12500
2021-5,2,7,2021-05-22,false,41.258478671,21731
2021-5,2,1,2021-05-23,false,44.572627502,12392
2021-5,2,2,2021-05-24,false,44.491637274,8789
2021-5,2,3,2021-05-25,false,34.099711362,7622
2021-5,2,4,2021-05-26,false,35.683339288,8397
2021-5,2,5,2021-05-27,false,29.787078934,3978
2021-5,2,6,2021-05-28,false,20.125098348,2542
2021-5,2,7,2021-05-29,false,33.93506391,12674
2021-5,2,1,2021-05-30,false,43.894537526,17428
2021-5,2,2,2021-05-31,false,40.066281971,12824
2021-6,2,3,2021-06-01,false,40.804045966,8354
2021-6,2,4,2021-06-02,false,42.080503766,8099
2021-6,2,5,2021-06-03,false,36.937299642,10606
2021-6,2,6,2021-06-04,false,39.335065539,12893
2021-6,2,7,2021-06-05,false,49.264410807,22726
2021-6,2,1,2021-06-06,false,44.976129143,17469
2021-6,2,2,2021-06-07,false,31.865826145,7535
2021-6,2,3,2021-06-08,false,31.508029197,9590
2021-6,2,4,2021-06-09,false,41.722478333,10846
2021-6,2,5,2021-06-10,false,36.353527672,11835
2021-6,2,6,2021-06-11,false,40.417438417,15873
2021-6,2,7,2021-06-12,false,38.621501866,21440
2021-6,2,1,2021-06-13,false,41.867283377,21512
2021-6,2,2,2021-06-14,false,32.203307749,10944
2021-6,2,3,2021-06-15,false,36.948036197,10719
2021-6,2,4,2021-06-16,false,33.361604786,11366
2021-6,2,5,2021-06-17,false,35.378398,12397
2021-6,2,6,2021-06-18,false,31.726867854,15044
2021-6,2,7,2021-06-19,false,38.38281459,22426
2021-6,2,1,2021-06-20,false,44.199692283,12349
2021-6,2,2,2021-06-21,false,30.83774624,9442
2021-6,2,3,2021-06-22,false,30.129178668,11457
2021-6,2,4,2021-06-23,false,27.878285326,10311
2021-6,2,5,2021-06-24,false,27.682706767,5985
2021-6,2,6,2021-06-25,false,32.945450098,8176
2021-6,2,7,2021-06-26,false,36.269201807,7968
2021-6,2,1,2021-06-27,false,38.549682492,16535
2021-6,2,2,2021-06-28,false,26.50671901,6623
2021-6,2,3,2021-06-29,false,27.063670412,7209
2021-6,2,4,2021-06-30,false,26.274197971,7294
2021-7,3,5,2021-07-01,false,29.73703935,11207
2021-7,3,6,2021-07-02,false,31.810784963,13593
2021-7,3,7,2021-07-03,false,39.326825605,21308
2021-7,3,1,2021-07-04,false,43.529283503,22931
2021-7,3,2,2021-07-05,false,45.953612578,16664
2021-7,3,3,2021-07-06,false,28.572358582,11367
2021-7,3,4,2021-07-07,false,29.450504474,10506
2021-7,3,5,2021-07-08,false,43.089614015,10389
2021-7,3,6,2021-07-09,false,34.13060478,15857
2021-7,3,7,2021-07-10,false,35.102691924,15045
2021-7,3,1,2021-07-11,false,29.711036226,7122
2021-7,3,2,2021-07-12,false,33.21511162,8735
2021-7,3,3,2021-07-13,false,28.460407918,10002
2021-7,3,4,2021-07-14,false,28.401480589,11617
2021-7,3,5,2021-07-15,false,26.90646713,9355
2021-7,3,6,2021-07-16,false,31.242917059,11683
2021-7,3,7,2021-07-17,false,32.887621589,23234
2021-7,3,1,2021-07-18,false,36.015652613,19805
2021-7,3,2,2021-07-19,false,32.333096843,11276
2021-7,3,3,2021-07-20,false,26.907900157,12139
2021-7,3,4,2021-07-21,false,26.447463608,11335
2021-7,3,5,2021-07-22,false,27.044236603,11868
2021-7,3,6,2021-07-23,false,28.686391844,13536
2021-7,3,7,2021-07-24,false,33.590971481,19671
2021-7,3,1,2021-07-25,false,32.282617912,18870
2021-7,3,2,2021-07-26,false,29.868915223,10970
2021-7,3,3,2021-07-27,false,28.076507092,11280
2021-7,3,4,2021-07-28,false,29.63535823,12478
2021-7,3,5,2021-07-29,false,26.919413366,13228
2021-7,3,6,2021-07-30,false,27.468492814,16282
2021-7,3,7,2021-07-31,false,33.723442899,22574
2021-8,3,1,2021-08-01,false,34.911942292,18715
2021-8,3,2,2021-08-02,false,28.436437613,11060
2021-8,3,3,2021-08-03,false,29.577527292,11267
2021-8,3,4,2021-08-04,false,26.216384528,11401
2021-8,3,5,2021-08-05,false,25.82435162,12377
2021-8,3,6,2021-08-06,false,29.182811619,14184
2021-8,3,7,2021-08-07,false,30.341758046,22434
2021-8,3,1,2021-08-08,false,32.290266233,16602
2021-8,3,2,2021-08-09,false,27.482962168,7454
2021-8,3,3,2021-08-10,false,25.356989247,8835
2021-8,3,4,2021-08-11,false,25.972206594,8887
2021-8,3,5,2021-08-12,false,25.648493809,10822
2021-8,3,6,2021-08-13,false,26.272927568,14524
2021-8,3,7,2021-08-14,false,32.616649086,22752
2021-8,3,1,2021-08-15,false,31.798166604,18763
2021-8,3,2,2021-08-16,false,30.046780873,10624
2021-8,3,3,2021-08-17,false,25.583069767,10750
2021-8,3,4,2021-08-18,false,26.231470508,10969
2021-8,3,5,2021-08-19,false,24.805553138,11489
2021-8,3,6,2021-08-20,false,27.887679466,14975
2021-8,3,7,2021-08-21,false,29.836029146,19351
2021-8,3,1,2021-08-22,false,33.438910804,18252
2021-8,3,2,2021-08-23,false,29.091965974,10580
2021-8,3,3,2021-08-24,false,24.664086918,6719
2021-8,3,4,2021-08-25,false,22.352415459,8280
2021-8,3,5,2021-08-26,false,28.566567164,11725
2021-8,3,6,2021-08-27,false,25.338744279,13984
2021-8,3,7,2021-08-28,false,28.993332599,18148
2021-8,3,1,2021-08-29,false,29.999458916,12937
2021-8,3,2,2021-08-30,false,25.255821304,9491
2021-8,3,3,2021-08-31,false,21.282784202,9166
2021-9,3,4,2021-09-01,false,22.616485347,10203
2021-9,3,5,2021-09-02,false,26.532252119,10852
2021-9,3,6,2021-09-03,false,26.550704943,11774
2021-9,3,7,2021-09-04,false,31.764330834,16939
2021-9,3,1,2021-09-05,false,39.61409741,21394
2021-9,3,2,2021-09-06,false,36.054594625,17749
2021-9,3,3,2021-09-07,false,22.756547931,7636
2021-9,3,4,2021-09-08,false,24.283044197,9684
2021-9,3,5,2021-09-09,false,22.513318588,10399
2021-9,3,6,2021-09-10,false,25.684751661,12644
2021-9,3,7,2021-09-11,false,31.196723861,19291
2021-9,3,1,2021-09-12,false,30.914927769,14952
2021-9,3,2,2021-09-13,false,26.745211379,8823
2021-9,3,3,2021-09-14,false,22.463954398,8947
2021-9,3,4,2021-09-15,false,26.83600872,10092
2021-9,3,5,2021-09-16,false,24.903573501,12061
2021-9,3,6,2021-09-17,false,27.700185943,13445
2021-9,3,7,2021-09-18,false,30.457096215,19602
2021-9,3,1,2021-09-19,false,30.116819352,16701
2021-9,3,2,2021-09-20,false,23.26464697,7988
2021-9,3,3,2021-09-21,false,21.619677616,6576
2021-9,3,4,2021-09-22,false,18.232979815,5846
2021-9,3,5,2021-09-23,false,20.412043748,7589
2021-9,3,6,2021-09-24,false,23.82548039,11397
2021-9,3,7,2021-09-25,false,27.991520083,17453
2021-9,3,1,2021-09-26,false,30.243470592,14741
2021-9,3,2,2021-09-27,false,24.838705826,8376
2021-9,3,3,2021-09-28,false,21.877099698,8275
2021-9,3,4,2021-09-29,false,21.936209482,8669
2021-9,3,5,2021-09-30,false,21.870727432,9128
2020-10,4,5,2020-10-01,true,12.6061821,7732
2020-10,4,6,2020-10-02,true,13.164610426,8997
2020-10,4,7,2020-10-03,true,14.752304609,7485
2020-10,4,1,2020-10-04,true,14.973618643,6823
2020-10,4,2,2020-10-05,true,12.937849079,8415
2020-10,4,3,2020-10-06,true,13.761936657,10451
2020-10,4,4,2020-10-07,true,14.098387389,11038
2020-10,4,5,2020-10-08,true,13.502305919,10408
2020-10,4,6,2020-10-09,true,16.094149174,11195
2020-10,4,7,2020-10-10,true,16.139112526,10682
2020-10,4,1,2020-10-11,true,15.928137092,9045
2020-10,4,2,2020-10-12,true,12.243630816,6555
2020-10,4,3,2020-10-13,true,13.653605793,10081
2020-10,4,4,2020-10-14,true,13.616124186,9985
2020-10,4,5,2020-10-15,true,12.48576155,8463
2020-10,4,6,2020-10-16,true,20.587834225,7480
2020-10,4,7,2020-10-17,true,14.0659175,7297
2020-10,4,1,2020-10-18,true,12.446374162,3282
2020-10,4,2,2020-10-19,true,11.657633243,5535
2020-10,4,3,2020-10-20,true,11.704608632,6835
2020-10,4,4,2020-10-21,true,13.613147572,7393
2020-10,4,5,2020-10-22,true,13.744936411,8492
2020-10,4,6,2020-10-23,true,10.980619381,5005
2020-10,4,7,2020-10-24,true,14.20950324,6945
2020-10,4,1,2020-10-25,true,12.799262995,5156
2020-10,4,2,2020-10-26,true,11.356531882,5144
2020-10,4,3,2020-10-27,true,13.631122133,4839
2020-10,4,4,2020-10-28,true,12.151673492,7081
2020-10,4,5,2020-10-29,true,11.466940789,6080
2020-10,4,6,2020-10-30,true,12.399298674,6559
2020-10,4,7,2020-10-31,true,14.709364193,7518
2020-11,4,1,2020-11-01,true,11.995607235,3870
2020-11,4,2,2020-11-02,true,11.552092015,5999
2020-11,4,3,2020-11-03,true,13.945555556,8100
2020-11,4,4,2020-11-04,true,13.637006701,8058
2020-11,4,5,2020-11-05,true,13.073506146,8217
2020-11,4,6,2020-11-06,true,13.884917724,9541
2020-11,4,7,2020-11-07,true,17.165460282,10776
2020-11,4,1,2020-11-08,true,16.849898121,8834
2020-11,4,2,2020-11-09,true,13.590720144,8901
2020-11,4,3,2020-11-10,true,11.987757024,6371
2020-11,4,4,2020-11-11,true,11.478619188,6431
2020-11,4,5,2020-11-12,true,11.784781288,6584
2020-11,4,6,2020-11-13,true,11.840186593,5788
2020-11,4,7,2020-11-14,true,12.251272969,4517
2020-11,4,1,2020-11-15,true,10.432164948,2425
2020-11,4,2,2020-11-16,true,12.039704524,5415
2020-11,4,3,2020-11-17,true,12.002354788,5096
2020-11,4,4,2020-11-18,true,11.791922106,5546
2020-11,4,5,2020-11-19,true,12.46759115,6418
2020-11,4,6,2020-11-20,true,13.589346823,6721
2020-11,4,7,2020-11-21,true,13.415878645,5076
2020-11,4,1,2020-11-22,true,14.488715017,3323
2020-11,4,2,2020-11-23,true,11.898572029,4762
2020-11,4,3,2020-11-24,true,10.763252471,2226
2020-11,4,4,2020-11-25,true,13.345849802,2530
2020-11,4,5,2020-11-26,true,13.994889267,2348
2020-11,4,6,2020-11-27,true,14.545116013,3491
2020-11,4,7,2020-11-28,true,15.88510042,4282
2020-11,4,1,2020-11-29,true,14.219567051,3557
2020-11,4,2,2020-11-30,true,10.228553732,3229
2020-12,4,3,2020-12-01,true,10.815397127,3689
2020-12,4,4,2020-12-02,true,11.99372239,4301
2020-12,4,5,2020-12-03,true,12.30071599,4190
2020-12,4,6,2020-12-04,true,12.991854234,4665
2020-12,4,7,2020-12-05,true,12.978499761,4186
2020-12,4,1,2020-12-06,true,13.151554404,3088
2020-12,4,2,2020-12-07,true,11.299018307,3769
2020-12,4,3,2020-12-08,true,11.373381668,3862
2020-12,4,4,2020-12-09,true,13.108298999,5097
2020-12,4,5,2020-12-10,true,13.938326779,5594
2020-12,4,6,2020-12-11,true,11.510282776,3112
2020-12,4,7,2020-12-12,true,11.228541338,1899
2020-12,4,1,2020-12-13,true,14.855151515,3300
2020-12,4,2,2020-12-14,true,10.975713075,3541
2020-12,4,3,2020-12-15,true,11.138958507,3591
2020-12,4,4,2020-12-16,true,11.112330536,3098
2020-12,4,5,2020-12-17,true,11.398833282,3257
2020-12,4,6,2020-12-18,true,12.265878118,3889
2020-12,4,7,2020-12-19,true,12.569273743,3580
2020-12,4,1,2020-12-20,true,13.534288639,2931
2020-12,4,2,2020-12-21,true,12.113687783,3536
2020-12,4,3,2020-12-22,true,12.676226213,3731
2020-12,4,4,2020-12-23,true,12.65419468,3421
2020-12,4,5,2020-12-24,true,11.241276912,1347
2020-12,4,6,2020-12-25,true,12.47660312,577
2020-12,4,7,2020-12-26,true,13.419354839,1674
2020-12,4,1,2020-12-27,true,14.254749568,2316
2020-12,4,2,2020-12-28,true,13.279457769,2877
2020-12,4,3,2020-12-29,true,12.753853565,2076
2020-12,4,4,2020-12-30,true,11.789855072,1518
2020-12,4,5,2020-12-31,true,12.922169811,2120
2021-1,1,6,2021-01-01,true,12.469072165,776
2021-1,1,7,2021-01-02,true,13.027437245,1713
2021-1,1,1,2021-01-03,true,12.384441939,1774
2021-1,1,2,2021-01-04,true,14.051652108,2633
2021-1,1,3,2021-01-05,true,11.613097121,3161
2021-1,1,4,2021-01-06,true,14.758367867,3137
2021-1,1,5,2021-01-07,true,11.826804791,3089
2021-1,1,6,2021-01-08,true,12.444055944,3146
2021-1,1,7,2021-01-09,true,13.441773963,3495
2021-1,1,1,2021-01-10,true,12.353572904,2421
2021-1,1,2,2021-01-11,true,12.11997152,2809
2021-1,1,3,2021-01-12,true,11.620367669,3427
2021-1,1,4,2021-01-13,true,12.192318244,3645
2021-1,1,5,2021-01-14,true,10.879574185,3006
2021-1,1,6,2021-01-15,true,11.93934776,3281
2021-1,1,7,2021-01-16,true,14.444536768,2407
2021-1,1,1,2021-01-17,true,13.697589099,1908
2021-1,1,2,2021-01-18,true,11.90160574,2927
2021-1,1,3,2021-01-19,true,11.157158631,2717
2021-1,1,4,2021-01-20,true,12.439354276,2292
2021-1,1,5,2021-01-21,true,12.728769497,3462
2021-1,1,6,2021-01-22,true,10.65409773,2599
2021-1,1,7,2021-01-23,true,11.947678703,2714
2021-1,1,1,2021-01-24,true,12.598159509,2282
2021-1,1,2,2021-01-25,true,13.770441459,2605
2021-1,1,3,2021-01-26,true,13.726943942,1106
2021-1,1,4,2021-01-27,true,13.13975782,1982
2021-1,1,5,2021-01-28,true,12.346067416,2225
2021-1,1,6,2021-01-29,true,12.721889055,2668
2021-1,1,7,2021-01-30,true,13.670378619,1796
2021-1,1,1,2021-01-31,true,20.075675676,370
2021-2,1,2,2021-02-01,true,15.346965699,1516
2021-2,1,3,2021-02-02,true,16.496221662,1985
2021-2,1,4,2021-02-03,true,15.38084922,2308
2021-2,1,5,2021-02-04,true,13.221262458,1505
2021-2,1,6,2021-02-05,true,25.137168142,1130
2021-2,1,7,2021-02-06,true,23.712250712,702
2021-2,1,1,2021-02-07,true,33.36743215,479
2021-2,1,2,2021-02-08,true,21.230582524,824
2021-2,1,3,2021-02-09,true,12.892952721,1121
2021-2,1,4,2021-02-10,true,17.289962825,1076
2021-2,1,5,2021-02-11,true,17.805363322,1156
2021-2,1,6,2021-02-12,true,13.915106952,1496
2021-2,1,7,2021-02-13,true,18.251327434,565
2021-2,1,1,2021-02-14,true,44.679586563,387
2021-2,1,2,2021-02-15,true,51.837662338,308
2021-2,1,3,2021-02-16,true,46.321585903,227
2021-2,1,4,2021-02-17,true,47.981273408,534
2021-2,1,5,2021-02-18,true,25.3979442,681
2021-2,1,6,2021-02-19,true,26.696517413,804
2021-2,1,7,2021-02-20,true,28.621592148,917
2021-2,1,1,2021-02-21,true,23.632102273,704
2021-2,1,2,2021-02-22,true,15.816262705,1279
2021-2,1,3,2021-02-23,true,17.207820738,2276
2021-2,1,4,2021-02-24,true,12.540939076,2577
2021-2,1,5,2021-02-25,true,12.78438949,2588
2021-2,1,6,2021-02-26,true,13.115487316,2996
2021-2,1,7,2021-02-27,true,16.549440076,4197
2021-2,1,1,2021-02-28,true,14.103962505,2347
2021-3,1,2,2021-03-01,true,10.906525573,2835
2021-3,1,3,2021-03-02,true,11.923903038,3259
2021-3,1,4,2021-03-03,true,13.782598331,4195
2021-3,1,5,2021-03-04,true,11.192093885,3238
2021-3,1,6,2021-03-05,true,12.327784891,3905
2021-3,1,7,2021-03-06,true,14.415678684,4133
2021-3,1,1,2021-03-07,true,15.883914628,3842
2021-3,1,2,2021-03-08,true,14.375348189,5744
2021-3,1,3,2021-03-09,true,14.692485371,6494
2021-3,1,4,2021-03-10,true,12.763409401,5127
2021-3,1,5,2021-03-11,true,12.427895534,5284
2021-3,1,6,2021-03-12,true,13.014554275,4947
2021-3,1,7,2021-03-13,true,16.823722688,6087
2021-3,1,1,2021-03-14,true,13.019859065,3122
2021-3,1,2,2021-03-15,true,10.636612022,1830
2021-3,1,3,2021-03-16,true,12.106646526,3310
2021-3,1,4,2021-03-17,true,10.813945461,2897
2021-3,1,5,2021-03-18,true,10.864308914,2771
2021-3,1,6,2021-03-19,true,12.463337117,4405
2021-3,1,7,2021-03-20,true,15.526650367,6135
2021-3,1,1,2021-03-21,true,18.086573204,6919
2021-3,1,2,2021-03-22,true,15.357109412,6407
2021-3,1,3,2021-03-23,true,11.599897146,3889
2021-3,1,4,2021-03-24,true,13.033339308,5579
2021-3,1,5,2021-03-25,true,11.797770346,4485
2021-3,1,6,2021-03-26,true,11.779822768,4401
2021-3,1,7,2021-03-27,true,15.480162449,6402
2021-3,1,1,2021-03-28,true,14.471945591,4117
2021-3,1,2,2021-03-29,true,14.125816128,5667
2021-3,1,3,2021-03-30,true,13.764809197,6263
2021-3,1,4,2021-03-31,true,11.961160905,4686
2021-4,2,5,2021-04-01,true,11.627349159,4044
2021-4,2,6,2021-04-02,true,13.385322723,5655
2021-4,2,7,2021-04-03,true,18.630140242,8414
2021-4,2,1,2021-04-04,true,18.720200753,7173
2021-4,2,2,2021-04-05,true,14.106047198,6780
2021-4,2,3,2021-04-06,true,15.449431033,9403
2021-4,2,4,2021-04-07,true,14.731162481,8998
2021-4,2,5,2021-04-08,true,12.406405881,3809
2021-4,2,6,2021-04-09,true,15.622458858,7231
2021-4,2,7,2021-04-10,true,13.912039925,3206
2021-4,2,1,2021-04-11,true,15.840152566,5768
2021-4,2,2,2021-04-12,true,14.493974215,7136
2021-4,2,3,2021-04-13,true,13.485100287,6980
2021-4,2,4,2021-04-14,true,12.428048578,6011
2021-4,2,5,2021-04-15,true,13.251395731,6090
2021-4,2,6,2021-04-16,true,13.507021862,6907
2021-4,2,7,2021-04-17,true,15.578939869,7018
2021-4,2,1,2021-04-18,true,16.63647111,6767
2021-4,2,2,2021-04-19,true,12.752355592,4882
2021-4,2,3,2021-04-20,true,11.332503113,4818
2021-4,2,4,2021-04-21,true,11.832213398,4911
2021-4,2,5,2021-04-22,true,13.582614841,7075
2021-4,2,6,2021-04-23,true,13.61792689,7988
2021-4,2,7,2021-04-24,true,15.39244186,7568
2021-4,2,1,2021-04-25,true,14.169067627,4998
2021-4,2,2,2021-04-26,true,14.810648093,8471
2021-4,2,3,2021-04-27,true,14.921003443,10165
2021-4,2,4,2021-04-28,true,12.503478434,5031
2021-4,2,5,2021-04-29,true,13.102560264,6679
2021-4,2,6,2021-04-30,true,13.669910679,7501
2021-5,2,7,2021-05-01,true,16.776424793,10019
2021-5,2,1,2021-05-02,true,18.205842743,9653
2021-5,2,2,2021-05-03,true,13.449338496,6198
2021-5,2,3,2021-05-04,true,11.799754676,6522
2021-5,2,4,2021-05-05,true,13.356687131,8307
2021-5,2,5,2021-05-06,true,12.513926042,6355
2021-5,2,6,2021-05-07,true,13.491555331,7934
2021-5,2,7,2021-05-08,true,15.223227549,7405
2021-5,2,1,2021-05-09,true,14.466422466,4095
2021-5,2,2,2021-05-10,true,11.648245196,6297
2021-5,2,3,2021-05-11,true,12.835636656,7453
2021-5,2,4,2021-05-12,true,12.562713408,8786
2021-5,2,5,2021-05-13,true,13.586941021,9817
2021-5,2,6,2021-05-14,true,14.350274465,10566
2021-5,2,7,2021-05-15,true,14.369248522,6933
2021-5,2,1,2021-05-16,true,16.692548528,9582
2021-5,2,2,2021-05-17,true,13.88449245,9073
2021-5,2,3,2021-05-18,true,12.325157233,7950
2021-5,2,4,2021-05-19,true,13.715618417,9969
2021-5,2,5,2021-05-20,true,14.005949738,11261
2021-5,2,6,2021-05-21,true,14.395403065,12008
2021-5,2,7,2021-05-22,true,17.101043643,12648
2021-5,2,1,2021-05-23,true,16.265444671,8838
2021-5,2,2,2021-05-24,true,14.312972873,10838
2021-5,2,3,2021-05-25,true,13.071331089,10991
2021-5,2,4,2021-05-26,true,13.83717567,11755
2021-5,2,5,2021-05-27,true,11.815566836,7683
2021-5,2,6,2021-05-28,true,11.473899033,4655
2021-5,2,7,2021-05-29,true,15.585262918,8767
2021-5,2,1,2021-05-30,true,16.740484048,9090
2021-5,2,2,2021-05-31,true,17.029707658,8449
2021-6,2,3,2021-06-01,true,14.658941926,10831
2021-6,2,4,2021-06-02,true,13.746120108,11856
2021-6,2,5,2021-06-03,true,14.517548039,12594
2021-6,2,6,2021-06-04,true,14.592297265,12541
2021-6,2,7,2021-06-05,true,16.059963931,13308
2021-6,2,1,2021-06-06,true,16.589775898,11111
2021-6,2,2,2021-06-07,true,13.309559939,9885
2021-6,2,3,2021-06-08,true,14.17470306,12713
2021-6,2,4,2021-06-09,true,14.166837933,13624
2021-6,2,5,2021-06-10,true,14.523044745,13387
2021-6,2,6,2021-06-11,true,14.008952353,13516
2021-6,2,7,2021-06-12,true,16.279190245,12547
2021-6,2,1,2021-06-13,true,17.20009457,12689
2021-6,2,2,2021-06-14,true,14.046808864,12049
2021-6,2,3,2021-06-15,true,13.490257507,13087
2021-6,2,4,2021-06-16,true,13.994225911,13855
2021-6,2,5,2021-06-17,true,13.726794967,13510
2021-6,2,6,2021-06-18,true,14.373482504,12603
2021-6,2,7,2021-06-19,true,16.555672427,13310
2021-6,2,1,2021-06-20,true,15.722706909,8482
2021-6,2,2,2021-06-21,true,13.104444633,11767
2021-6,2,3,2021-06-22,true,14.10179772,13684
2021-6,2,4,2021-06-23,true,13.226598001,13204
2021-6,2,5,2021-06-24,true,12.105709877,9072
2021-6,2,6,2021-06-25,true,14.299486322,8371
2021-6,2,7,2021-06-26,true,13.744815846,6462
2021-6,2,1,2021-06-27,true,16.378981712,11647
2021-6,2,2,2021-06-28,true,12.527168732,9441
2021-6,2,3,2021-06-29,true,13.392279197,10258
2021-6,2,4,2021-06-30,true,13.229772889,11272
2021-7,3,5,2021-07-01,true,13.595678308,13143
2021-7,3,6,2021-07-02,true,13.526853818,12717
2021-7,3,7,2021-07-03,true,16.607232367,11172
2021-7,3,1,2021-07-04,true,17.120081549,9810
2021-7,3,2,2021-07-05,true,16.510387812,10108
2021-7,3,3,2021-07-06,true,13.340207053,11881
2021-7,3,4,2021-07-07,true,12.925721806,12157
2021-7,3,5,2021-07-08,true,13.048317091,12211
2021-7,3,6,2021-07-09,true,14.487744174,13259
2021-7,3,7,2021-07-10,true,15.156964657,9620
2021-7,3,1,2021-07-11,true,13.603048264,5905
2021-7,3,2,2021-07-12,true,12.302085222,11030
2021-7,3,3,2021-07-13,true,12.862905792,12568
2021-7,3,4,2021-07-14,true,13.059906812,13521
2021-7,3,5,2021-07-15,true,12.609522959,11194
2021-7,3,6,2021-07-16,true,12.933500418,11970
2021-7,3,7,2021-07-17,true,15.278200488,13537
2021-7,3,1,2021-07-18,true,16.237944596,11696
2021-7,3,2,2021-07-19,true,13.78996814,12241
2021-7,3,3,2021-07-20,true,13.041335569,13717
2021-7,3,4,2021-07-21,true,13.159860231,13737
2021-7,3,5,2021-07-22,true,13.028251445,13840
2021-7,3,6,2021-07-23,true,13.732279615,12274
2021-7,3,7,2021-07-24,true,15.019770075,11482
2021-7,3,1,2021-07-25,true,15.645222819,11534
2021-7,3,2,2021-07-26,true,13.30041487,12293
2021-7,3,3,2021-07-27,true,13.464605735,13392
2021-7,3,4,2021-07-28,true,12.992417417,13320
2021-7,3,5,2021-07-29,true,13.524319741,12973
2021-7,3,6,2021-07-30,true,13.388126792,12903
2021-7,3,7,2021-07-31,true,16.126623377,12628
2021-8,3,1,2021-08-01,true,15.846797169,10881
2021-8,3,2,2021-08-02,true,13.541975101,11888
2021-8,3,3,2021-08-03,true,13.413079848,13150
2021-8,3,4,2021-08-04,true,13.253080921,13470
2021-8,3,5,2021-08-05,true,13.339952579,13496
2021-8,3,6,2021-08-06,true,13.191973353,12309
2021-8,3,7,2021-08-07,true,16.241422925,12650
2021-8,3,1,2021-08-08,true,15.932463326,10498
2021-8,3,2,2021-08-09,true,12.459916959,9393
2021-8,3,3,2021-08-10,true,12.641914912,11447
2021-8,3,4,2021-08-11,true,12.922476111,12035
2021-8,3,5,2021-08-12,true,12.858317177,12895
2021-8,3,6,2021-08-13,true,13.75399361,13772
2021-8,3,7,2021-08-14,true,16.642877412,14096
2021-8,3,1,2021-08-15,true,16.602297907,12185
2021-8,3,2,2021-08-16,true,13.868061656,12521
2021-8,3,3,2021-08-17,true,13.296838747,13792
2021-8,3,4,2021-08-18,true,13.142095018,13871
2021-8,3,5,2021-08-19,true,12.836935314,13326
2021-8,3,6,2021-08-20,true,13.865178089,12943
2021-8,3,7,2021-08-21,true,15.901037165,11570
2021-8,3,1,2021-08-22,true,16.559077561,11578
2021-8,3,2,2021-08-23,true,12.977348066,12670
2021-8,3,3,2021-08-24,true,11.338368006,10527
2021-8,3,4,2021-08-25,true,11.970167858,12034
2021-8,3,5,2021-08-26,true,13.285906135,14148
2021-8,3,6,2021-08-27,true,13.071744509,13339
2021-8,3,7,2021-08-28,true,15.070518616,12167
2021-8,3,1,2021-08-29,true,14.358389913,10310
2021-8,3,2,2021-08-30,true,12.668373779,12692
2021-8,3,3,2021-08-31,true,12.401074566,13773
2021-9,3,4,2021-09-01,true,12.916004697,14477
2021-9,3,5,2021-09-02,true,13.187513612,13775
2021-9,3,6,2021-09-03,true,13.155805936,11893
2021-9,3,7,2021-09-04,true,14.729698927,10529
2021-9,3,1,2021-09-05,true,16.702340832,10979
2021-9,3,2,2021-09-06,true,16.453918956,10883
2021-9,3,3,2021-09-07,true,12.018412368,11514
2021-9,3,4,2021-09-08,true,13.2,14430
2021-9,3,5,2021-09-09,true,12.996333449,14455
2021-9,3,6,2021-09-10,true,13.539809032,13929
2021-9,3,7,2021-09-11,true,14.827930558,13018
2021-9,3,1,2021-09-12,true,14.637795276,11557
2021-9,3,2,2021-09-13,true,12.823414099,12753
2021-9,3,3,2021-09-14,true,12.391529512,14096
2021-9,3,4,2021-09-15,true,12.733180746,14418
2021-9,3,5,2021-09-16,true,13.403011394,14744
2021-9,3,6,2021-09-17,true,13.979354839,13175
2021-9,3,7,2021-09-18,true,15.483383686,12909
2021-9,3,1,2021-09-19,true,16.647526275,11703
2021-9,3,2,2021-09-20,true,12.065420561,11770
2021-9,3,3,2021-09-21,true,11.501264278,11469
2021-9,3,4,2021-09-22,true,11.627835517,11065
2021-9,3,5,2021-09-23,true,11.691943128,12871
2021-9,3,6,2021-09-24,true,13.210702341,13156
2021-9,3,7,2021-09-25,true,14.728946526,12492
2021-9,3,1,2021-09-26,true,15.104681292,11578
2021-9,3,2,2021-09-27,true,12.762237226,13034
2021-9,3,3,2021-09-28,true,12.292291372,14140
2021-9,3,4,2021-09-29,true,12.515214099,14526
2021-9,3,5,2021-09-30,true,12.266671226,14621